DATETIME,RAIN_DAILY(mm),TEMP(C),RH(%)
2024-12-01 00:00:00,0.0,16.5,72
2024-12-01 00:15:00,0.0,16.2,74
2024-12-01 00:30:00,0.0,15.8,75
2024-12-01 00:45:00,0.0,15.9,77
2024-12-01 01:00:00,0.0,15.4,80
2024-12-01 01:15:00,0.0,15.6,79
2024-12-01 01:30:00,0.0,15.7,77
2024-12-01 01:45:00,0.0,15.7,79
2024-12-01 02:00:00,0.0,15.7,79
2024-12-01 02:15:00,0.0,16.2,79
2024-12-01 02:30:00,0.0,17.0,78
2024-12-01 02:45:00,0.0,17.4,79
2024-12-01 03:00:00,0.0,18.2,80
2024-12-01 03:15:00,0.0,19.5,70
2024-12-01 03:30:00,0.0,19.2,75
2024-12-01 03:45:00,0.0,20.7,62
2024-12-01 04:00:00,0.0,21.7,60
2024-12-01 04:15:00,0.0,21.7,61
2024-12-01 04:30:00,0.0,21.9,60
2024-12-01 04:45:00,0.0,22.5,57
2024-12-01 05:00:00,0.0,23.1,56
2024-12-01 05:15:00,0.0,23.4,54
2024-12-01 05:30:00,0.0,23.9,54
2024-12-01 05:45:00,0.0,24.5,52
2024-12-01 06:00:00,0.0,25.0,52
2024-12-01 06:15:00,0.0,25.4,52
2024-12-01 06:30:00,0.0,25.4,53
2024-12-01 06:45:00,0.0,25.6,52
2024-12-01 07:00:00,0.0,25.7,52
2024-12-01 07:15:00,0.0,26.3,51
2024-12-01 07:30:00,0.0,25.6,52
2024-12-01 07:45:00,0.0,26.5,50
2024-12-01 08:00:00,0.0,26.4,51
2024-12-01 08:15:00,0.0,26.0,52
2024-12-01 08:30:00,0.0,26.0,52
2024-12-01 08:45:00,0.0,26.4,51
2024-12-01 09:00:00,0.0,26.9,50
2024-12-01 09:15:00,0.0,26.8,50
2024-12-01 09:30:00,0.0,27.2,50
2024-12-01 09:45:00,0.0,26.8,51
2024-12-01 10:00:00,0.0,26.0,54
2024-12-01 10:15:00,0.0,25.9,56
2024-12-01 10:30:00,0.0,26.3,52
2024-12-01 10:45:00,0.0,26.4,53
2024-12-01 11:00:00,0.0,26.0,55
2024-12-01 11:15:00,0.0,25.8,58
2024-12-01 11:30:00,0.0,24.7,63
2024-12-01 11:45:00,0.0,23.3,68
2024-12-01 12:15:00,0.0,22.3,71
2024-12-01 12:30:00,0.0,21.9,73
2024-12-01 12:45:00,0.0,21.5,74
2024-12-01 13:00:00,0.0,21.3,74
2024-12-01 13:15:00,0.0,21.2,75
2024-12-01 13:30:00,0.0,21.1,76
2024-12-01 13:45:00,0.0,21.1,76
2024-12-01 14:00:00,0.0,21.0,76
2024-12-01 14:15:00,0.0,20.7,77
2024-12-01 14:30:00,0.0,20.7,77
2024-12-01 14:45:00,0.0,21.1,77
2024-12-01 15:00:00,0.0,21.2,76
2024-12-01 15:15:00,0.0,21.2,76
2024-12-01 15:30:00,0.0,21.1,77
2024-12-01 15:45:00,0.0,21.1,76
2024-12-01 16:00:00,0.0,20.9,76
2024-12-01 16:15:00,0.0,21.1,76
2024-12-01 16:30:00,0.0,20.7,78
2024-12-01 16:45:00,0.0,21.1,76
2024-12-01 17:00:00,0.0,22.0,72
2024-12-01 17:15:00,0.0,21.5,75
2024-12-01 17:30:00,0.0,20.5,78
2024-12-01 17:45:00,0.0,20.1,82
2024-12-01 18:00:00,0.0,20.0,83
2024-12-01 18:15:00,0.0,19.8,84
2024-12-01 18:30:00,0.0,20.4,80
2024-12-01 18:45:00,0.0,20.7,78
2024-12-01 19:00:00,0.0,20.2,81
2024-12-01 19:15:00,0.0,20.1,81
2024-12-01 19:30:00,0.0,19.5,85
2024-12-01 19:45:00,0.0,19.5,84
2024-12-01 20:00:00,0.0,21.8,73
2024-12-01 20:15:00,0.0,21.8,73
2024-12-01 20:30:00,0.0,21.7,74
2024-12-01 20:45:00,0.0,21.1,77
2024-12-01 21:00:00,0.0,19.8,84
2024-12-01 21:15:00,0.0,19.5,85
2024-12-01 21:30:00,0.0,19.9,82
2024-12-01 21:45:00,0.0,19.4,86
2024-12-01 22:00:00,0.0,19.3,86
2024-12-01 22:15:00,0.0,20.2,80
2024-12-01 22:30:00,0.0,19.8,83
2024-12-01 22:45:00,0.0,19.2,87
2024-12-01 23:00:00,0.0,19.0,87
2024-12-01 23:15:00,0.0,18.7,89
2024-12-01 23:30:00,0.0,19.9,82
2024-12-01 23:45:00,0.0,20.4,81
2024-12-02 00:00:00,0.0,20.1,83
2024-12-02 00:15:00,0.0,20.4,82
2024-12-02 00:30:00,0.0,20.4,81
2024-12-02 00:45:00,0.0,20.4,81
2024-12-02 01:00:00,0.0,20.0,84
2024-12-02 01:15:00,0.0,20.4,81
2024-12-02 01:30:00,0.0,20.6,81
2024-12-02 01:45:00,0.0,21.1,79
2024-12-02 02:00:00,0.0,21.2,79
2024-12-02 02:30:00,0.0,21.7,78
2024-12-02 02:45:00,0.0,22.0,76
2024-12-02 03:00:00,0.0,22.1,76
2024-12-02 03:15:00,0.0,22.6,75
2024-12-02 03:30:00,0.0,23.7,71
2024-12-02 03:45:00,0.0,24.1,71
2024-12-02 04:00:00,0.0,24.2,70
2024-12-02 04:15:00,0.0,24.5,68
2024-12-02 04:30:00,0.0,24.8,67
2024-12-02 04:45:00,0.0,25.5,65
2024-12-02 05:30:00,0.0,26.6,61
2024-12-02 06:00:00,0.0,26.8,62
2024-12-02 06:15:00,0.0,27.2,60
2024-12-02 06:30:00,0.0,26.8,63
2024-12-02 06:45:00,0.0,26.6,63
2024-12-02 07:00:00,0.0,27.2,62
2024-12-02 07:15:00,0.0,26.2,65
2024-12-02 07:30:00,0.0,26.6,62
2024-12-02 07:45:00,0.0,27.7,60
2024-12-02 08:00:00,0.0,27.1,62
2024-12-02 08:15:00,0.0,27.6,59
2024-12-02 08:30:00,0.0,27.7,58
2024-12-02 08:45:00,0.0,27.9,59
2024-12-02 09:00:00,0.0,27.9,58
2024-12-02 09:15:00,0.0,27.9,58
2024-12-02 09:30:00,0.0,27.8,59
2024-12-02 09:45:00,0.0,27.2,62
2024-12-02 10:00:00,0.0,27.2,60
2024-12-02 10:15:00,0.0,27.4,61
2024-12-02 10:30:00,0.0,26.7,62
2024-12-02 10:45:00,0.0,27.2,61
2024-12-02 11:00:00,0.0,27.2,62
2024-12-02 11:15:00,0.0,26.6,63
2024-12-02 11:30:00,0.0,26.3,63
2024-12-02 11:45:00,0.0,26.2,63
2024-12-02 12:00:00,0.0,25.8,65
2024-12-02 12:15:00,0.0,25.5,67
2024-12-02 12:30:00,0.0,24.8,69
2024-12-02 12:45:00,0.0,24.7,69
2024-12-02 13:00:00,0.0,25.3,66
2024-12-02 13:15:00,0.0,25.4,66
2024-12-02 13:30:00,0.0,25.3,67
2024-12-02 13:45:00,0.0,25.1,69
2024-12-02 14:00:00,0.0,24.9,69
2024-12-02 14:15:00,0.0,24.7,71
2024-12-02 14:30:00,0.0,24.5,72
2024-12-02 14:45:00,0.0,24.5,72
2024-12-02 15:00:00,0.0,24.7,71
2024-12-02 15:15:00,0.0,24.1,75
2024-12-02 15:30:00,0.0,24.1,74
2024-12-02 15:45:00,0.0,24.5,72
2024-12-02 16:15:00,0.0,24.3,73
2024-12-02 16:30:00,0.0,24.3,73
2024-12-02 16:45:00,0.0,24.3,73
2024-12-02 17:00:00,0.0,24.2,73
2024-12-02 17:15:00,0.0,24.0,74
2024-12-02 17:30:00,0.0,24.0,74
2024-12-02 17:45:00,0.0,24.0,73
2024-12-02 18:00:00,0.0,23.8,74
2024-12-02 18:15:00,0.0,23.8,74
2024-12-02 18:30:00,0.0,23.7,75
2024-12-02 18:45:00,0.0,23.7,75
2024-12-02 19:00:00,0.0,23.4,76
2024-12-02 19:15:00,0.0,23.5,76
2024-12-02 19:30:00,0.0,23.5,76
2024-12-02 19:45:00,0.0,23.5,76
2024-12-02 20:00:00,0.0,23.4,77
2024-12-02 20:15:00,0.0,23.4,77
2024-12-02 20:30:00,0.0,23.2,77
2024-12-02 20:45:00,0.0,23.2,77
2024-12-02 21:00:00,0.0,23.2,77
2024-12-02 21:15:00,0.0,23.2,76
2024-12-02 21:30:00,0.0,23.1,76
2024-12-02 21:45:00,0.0,23.2,75
2024-12-02 22:00:00,0.0,23.1,76
2024-12-02 22:15:00,0.0,23.0,76
2024-12-02 22:30:00,0.0,23.0,75
2024-12-02 22:45:00,0.0,23.0,74
2024-12-02 23:00:00,0.0,22.9,74
2024-12-02 23:15:00,0.0,22.9,75
2024-12-02 23:30:00,0.0,22.9,75
2024-12-02 23:45:00,0.0,22.8,76
2024-12-03 00:00:00,0.0,22.6,76
2024-12-03 00:15:00,0.0,22.8,76
2024-12-03 00:30:00,0.0,22.6,76
2024-12-03 00:45:00,0.0,22.6,77
2024-12-03 01:00:00,0.0,22.6,77
2024-12-03 01:15:00,0.0,22.4,78
2024-12-03 01:30:00,0.0,22.4,78
2024-12-03 01:45:00,0.0,22.6,78
2024-12-03 02:00:00,0.0,22.6,79
2024-12-03 02:15:00,0.0,22.6,79
2024-12-03 02:30:00,0.0,22.4,80
2024-12-03 03:00:00,0.0,22.6,81
2024-12-03 03:15:00,0.0,22.6,81
2024-12-03 03:30:00,0.0,22.6,81
2024-12-03 03:45:00,0.0,22.6,82
2024-12-03 04:00:00,0.0,22.9,81
2024-12-03 04:15:00,0.0,23.2,81
2024-12-03 04:30:00,0.0,24.5,77
2024-12-03 04:45:00,0.0,24.3,78
2024-12-03 05:00:00,0.0,24.9,76
2024-12-03 05:15:00,0.0,25.0,76
2024-12-03 05:30:00,0.0,25.6,73
2024-12-03 05:45:00,0.0,26.4,72
2024-12-03 06:00:00,0.0,25.9,74
2024-12-03 06:15:00,0.0,26.6,71
2024-12-03 06:30:00,0.0,27.3,70
2024-12-03 06:45:00,0.0,27.4,68
2024-12-03 07:00:00,0.0,28.4,64
2024-12-03 07:15:00,0.0,29.3,61
2024-12-03 07:30:00,0.0,27.8,65
2024-12-03 07:45:00,0.0,27.9,66
2024-12-03 08:00:00,0.0,28.8,61
2024-12-03 08:15:00,0.0,29.0,59
2024-12-03 08:30:00,0.0,29.6,57
2024-12-03 08:45:00,0.0,28.8,60
2024-12-03 09:00:00,0.0,28.5,60
2024-12-03 09:15:00,0.0,28.8,60
2024-12-03 09:30:00,0.0,29.9,55
2024-12-03 09:45:00,0.0,28.5,61
2024-12-03 10:00:00,0.0,27.8,62
2024-12-03 10:15:00,0.0,27.7,64
2024-12-03 10:30:00,0.0,27.8,62
2024-12-03 10:45:00,0.0,27.7,64
2024-12-03 11:00:00,0.0,27.5,64
2024-12-03 11:15:00,0.0,27.4,68
2024-12-03 11:30:00,0.0,27.0,69
2024-12-03 11:45:00,0.0,26.9,69
2024-12-03 12:00:00,0.0,26.4,71
2024-12-03 12:15:00,0.0,25.9,73
2024-12-03 12:30:00,0.0,25.3,76
2024-12-03 12:45:00,0.0,25.1,76
2024-12-03 13:00:00,0.0,24.9,77
2024-12-03 13:15:00,0.0,24.9,77
2024-12-03 13:30:00,0.0,25.1,76
2024-12-03 13:45:00,0.0,25.6,73
2024-12-03 14:00:00,0.0,25.9,72
2024-12-03 14:15:00,0.0,25.6,72
2024-12-03 14:30:00,0.0,25.2,74
2024-12-03 14:45:00,0.0,25.2,75
2024-12-03 15:00:00,0.0,24.9,77
2024-12-03 15:15:00,0.0,24.7,78
2024-12-03 15:30:00,0.0,24.3,80
2024-12-03 15:45:00,0.0,24.5,80
2024-12-03 16:00:00,0.0,24.5,80
2024-12-03 16:15:00,0.0,24.5,79
2024-12-03 16:30:00,0.0,24.5,79
2024-12-03 16:45:00,0.0,24.7,79
2024-12-03 17:00:00,0.0,24.7,79
2024-12-03 17:15:00,0.0,24.5,80
2024-12-03 17:30:00,0.0,24.5,80
2024-12-03 17:45:00,0.0,24.5,80
2024-12-03 18:00:00,0.0,24.3,81
2024-12-03 18:15:00,0.0,24.3,81
2024-12-03 18:30:00,0.0,24.3,80
2024-12-03 18:45:00,0.0,24.3,81
2024-12-03 19:00:00,0.0,24.2,82
2024-12-03 19:15:00,0.0,24.0,83
2024-12-03 19:30:00,0.0,24.0,83
2024-12-03 19:45:00,0.0,24.0,83
2024-12-03 20:00:00,0.0,23.8,83
2024-12-03 20:15:00,0.0,23.8,83
2024-12-03 20:30:00,0.0,23.7,84
2024-12-03 20:45:00,0.0,23.7,84
2024-12-03 21:00:00,0.0,23.5,84
2024-12-03 21:15:00,0.0,23.5,85
2024-12-03 21:30:00,0.0,23.4,87
2024-12-03 21:45:00,0.0,23.1,88
2024-12-03 22:00:00,0.0,23.1,88
2024-12-03 22:15:00,0.0,22.9,91
2024-12-03 22:30:00,0.0,22.9,90
2024-12-03 22:45:00,0.0,22.9,91
2024-12-03 23:00:00,0.0,22.8,91
2024-12-03 23:15:00,0.0,22.8,91
2024-12-03 23:30:00,0.0,22.8,91
2024-12-03 23:45:00,0.0,22.7,92
2024-12-04 00:00:00,0.0,22.8,92
2024-12-04 00:15:00,0.0,22.8,91
2024-12-04 00:30:00,0.0,22.8,92
2024-12-04 00:45:00,0.0,22.8,92
2024-12-04 01:00:00,0.0,22.8,92
2024-12-04 01:15:00,0.0,22.8,92
2024-12-04 01:30:00,0.0,22.8,91
2024-12-04 01:45:00,0.0,22.8,90
2024-12-04 02:00:00,0.0,22.9,90
2024-12-04 02:15:00,0.0,23.0,89
2024-12-04 02:30:00,0.0,23.1,88
2024-12-04 02:45:00,0.0,23.4,87
2024-12-04 03:00:00,0.0,23.8,85
2024-12-04 03:15:00,0.0,24.3,81
2024-12-04 03:30:00,0.0,24.2,81
2024-12-04 03:45:00,0.0,24.2,81
2024-12-04 04:00:00,0.0,24.5,80
2024-12-04 04:15:00,0.0,25.0,79
2024-12-04 04:30:00,0.0,25.0,79
2024-12-04 04:45:00,0.0,25.9,75
2024-12-04 05:00:00,0.0,26.1,74
2024-12-04 05:15:00,0.0,26.3,73
2024-12-04 05:30:00,0.0,26.3,74
2024-12-04 05:45:00,0.0,26.5,72
2024-12-04 06:00:00,0.0,26.6,72
2024-12-04 06:15:00,0.0,27.6,68
2024-12-04 06:30:00,0.0,27.7,67
2024-12-04 06:45:00,0.0,28.3,65
2024-12-04 07:00:00,0.0,28.1,66
2024-12-04 07:15:00,0.0,27.4,68
2024-12-04 07:30:00,0.0,27.9,65
2024-12-04 07:45:00,0.0,28.4,64
2024-12-04 08:00:00,0.0,28.2,63
2024-12-04 08:15:00,0.0,28.7,63
2024-12-04 08:30:00,0.0,27.9,64
2024-12-04 08:45:00,0.0,28.2,63
2024-12-04 09:00:00,0.0,28.4,61
2024-12-04 09:15:00,0.0,29.3,60
2024-12-04 09:30:00,0.0,29.2,60
2024-12-04 09:45:00,0.0,29.9,57
2024-12-04 10:00:00,0.0,29.3,59
2024-12-04 10:15:00,0.0,29.5,59
2024-12-04 10:30:00,0.0,28.9,61
2024-12-04 10:45:00,0.0,28.3,64
2024-12-04 11:00:00,0.0,28.2,63
2024-12-04 11:15:00,0.0,28.8,60
2024-12-04 11:30:00,0.0,27.7,63
2024-12-04 11:45:00,0.0,27.2,64
2024-12-04 12:00:00,0.0,26.9,68
2024-12-04 12:15:00,0.0,26.2,69
2024-12-04 12:30:00,0.0,26.1,68
2024-12-04 12:45:00,0.0,26.0,68
2024-12-04 13:00:00,0.0,25.9,68
2024-12-04 13:15:00,0.0,25.9,68
2024-12-04 13:30:00,0.0,25.9,69
2024-12-04 13:45:00,0.0,25.9,69
2024-12-04 14:00:00,0.0,25.7,70
2024-12-04 14:15:00,0.0,24.7,75
2024-12-04 14:30:00,0.0,24.0,78
2024-12-04 14:45:00,0.0,23.6,81
2024-12-04 15:00:00,0.0,23.1,84
2024-12-04 15:15:00,0.0,22.9,84
2024-12-04 15:30:00,0.0,23.4,80
2024-12-04 15:45:00,0.0,23.6,82
2024-12-04 16:00:00,0.0,23.2,84
2024-12-04 16:15:00,0.0,23.1,84
2024-12-04 16:30:00,0.0,22.9,85
2024-12-04 16:45:00,0.0,22.8,86
2024-12-04 17:00:00,0.0,23.0,85
2024-12-04 17:15:00,0.0,23.4,83
2024-12-04 17:30:00,0.0,23.4,84
2024-12-04 17:45:00,0.0,22.9,86
2024-12-04 18:00:00,0.0,22.8,86
2024-12-04 18:15:00,0.0,22.8,87
2024-12-04 18:30:00,0.0,22.6,87
2024-12-04 18:45:00,0.0,22.3,89
2024-12-04 19:00:00,0.0,22.0,90
2024-12-04 19:15:00,0.0,21.7,91
2024-12-04 19:30:00,0.0,21.7,92
2024-12-04 19:45:00,0.0,21.5,91
2024-12-04 20:00:00,0.0,21.5,92
2024-12-04 20:15:00,0.0,21.5,92
2024-12-04 20:30:00,0.0,21.2,93
2024-12-04 20:45:00,0.0,21.5,92
2024-12-04 21:00:00,0.0,21.2,93
2024-12-04 21:15:00,0.0,21.2,93
2024-12-04 21:30:00,0.0,21.1,94
2024-12-04 21:45:00,0.0,21.1,94
2024-12-04 22:00:00,0.0,20.9,96
2024-12-04 22:15:00,0.0,20.7,97
2024-12-04 22:30:00,0.0,20.6,97
2024-12-04 22:45:00,0.0,20.6,97
2024-12-04 23:00:00,0.0,20.7,98
2024-12-04 23:15:00,0.0,20.6,98
2024-12-04 23:30:00,0.0,20.6,98
2024-12-04 23:45:00,0.0,20.5,98
2024-12-05 00:00:00,0.0,20.5,99
2024-12-05 00:15:00,0.0,20.4,98
2024-12-05 00:30:00,0.0,20.2,99
2024-12-05 00:45:00,0.0,20.1,100
2024-12-05 01:00:00,0.0,20.2,100
2024-12-05 01:15:00,0.0,20.1,100
2024-12-05 01:30:00,0.0,20.1,100
2024-12-05 01:45:00,0.0,20.1,100
2024-12-05 02:00:00,0.0,20.2,100
2024-12-05 02:15:00,0.0,20.6,100
2024-12-05 02:30:00,0.0,21.8,94
2024-12-05 02:45:00,0.0,23.4,84
2024-12-05 03:00:00,0.0,23.8,83
2024-12-05 03:15:00,0.0,23.1,86
2024-12-05 03:30:00,0.0,24.3,79
2024-12-05 03:45:00,0.0,24.6,79
2024-12-05 04:00:00,0.0,25.7,75
2024-12-05 04:15:00,0.0,26.2,72
2024-12-05 04:30:00,0.0,27.3,69
2024-12-05 04:45:00,0.0,27.8,63
2024-12-05 05:00:00,0.0,28.4,60
2024-12-05 05:15:00,0.0,29.2,58
2024-12-05 05:30:00,0.0,29.5,55
2024-12-05 05:45:00,0.0,29.8,56
2024-12-05 06:00:00,0.0,30.3,53
2024-12-05 06:15:00,0.0,30.2,54
2024-12-05 06:30:00,0.0,30.9,51
2024-12-05 06:45:00,0.0,30.6,50
2024-12-05 07:00:00,0.0,29.8,55
2024-12-05 07:15:00,0.0,30.6,51
2024-12-05 07:30:00,0.0,31.5,47
2024-12-05 07:45:00,0.0,32.1,45
2024-12-05 08:00:00,0.0,31.1,47
2024-12-05 08:15:00,0.0,31.7,47
2024-12-05 08:30:00,0.0,32.7,44
2024-12-05 08:45:00,0.0,32.4,44
2024-12-05 09:00:00,0.0,30.5,54
2024-12-05 09:15:00,0.0,30.2,56
2024-12-05 09:30:00,0.0,31.8,49
2024-12-05 09:45:00,0.0,33.3,44
2024-12-05 10:00:00,0.0,32.7,43
2024-12-05 10:15:00,0.0,32.3,47
2024-12-05 10:30:00,0.0,29.8,60
2024-12-05 10:45:00,0.0,29.3,63
2024-12-05 11:00:00,0.0,28.3,63
2024-12-05 11:15:00,0.0,27.6,69
2024-12-05 11:30:00,0.0,27.4,71
2024-12-05 11:45:00,0.0,26.6,75
2024-12-05 12:00:00,0.0,25.8,77
2024-12-05 12:15:00,0.0,25.2,78
2024-12-05 12:30:00,0.0,24.8,79
2024-12-05 12:45:00,0.0,24.6,79
2024-12-05 13:00:00,0.0,24.2,82
2024-12-05 13:15:00,0.0,24.2,84
2024-12-05 13:45:00,0.0,23.7,87
2024-12-05 14:00:00,0.0,23.4,88
2024-12-05 14:15:00,0.0,23.2,89
2024-12-05 14:30:00,0.0,23.0,89
2024-12-05 14:45:00,0.0,22.9,89
2024-12-05 15:00:00,0.0,22.6,90
2024-12-05 15:15:00,0.0,22.4,89
2024-12-05 15:30:00,0.0,22.3,89
2024-12-05 15:45:00,0.0,22.3,88
2024-12-05 16:15:00,0.0,22.0,89
2024-12-05 16:30:00,0.0,22.0,89
2024-12-05 16:45:00,0.0,22.0,89
2024-12-05 17:00:00,0.0,22.0,88
2024-12-05 17:15:00,0.0,21.7,88
2024-12-05 17:30:00,0.0,21.7,88
2024-12-05 17:45:00,0.0,21.5,89
2024-12-05 18:00:00,0.0,21.5,88
2024-12-05 18:15:00,0.0,21.7,88
2024-12-05 18:30:00,0.0,21.8,88
2024-12-05 18:45:00,0.0,21.7,90
2024-12-05 19:00:00,0.0,21.5,90
2024-12-05 19:15:00,0.0,21.3,90
2024-12-05 19:30:00,0.0,21.2,91
2024-12-05 19:45:00,0.0,21.2,92
2024-12-05 20:00:00,0.0,21.2,94
2024-12-05 20:15:00,0.0,21.1,96
2024-12-05 20:30:00,0.0,21.1,96
2024-12-05 20:45:00,0.0,20.9,96
2024-12-05 21:00:00,0.0,20.9,97
2024-12-05 21:15:00,0.0,20.6,99
2024-12-05 21:30:00,0.0,20.5,99
2024-12-05 21:45:00,0.0,20.5,100
2024-12-05 22:00:00,0.0,20.7,100
2024-12-05 22:15:00,0.0,20.6,100
2024-12-05 22:30:00,0.0,20.7,100
2024-12-05 22:45:00,0.0,20.7,100
2024-12-05 23:00:00,0.0,20.6,100
2024-12-05 23:15:00,0.0,20.9,100
2024-12-05 23:30:00,0.0,20.6,100
2024-12-05 23:45:00,0.0,20.7,100
2024-12-06 00:00:00,0.0,20.9,99
2024-12-06 00:15:00,0.0,20.1,100
2024-12-06 00:30:00,0.0,20.1,100
2024-12-06 00:45:00,0.0,20.1,100
2024-12-06 01:00:00,0.0,20.1,100
2024-12-06 01:15:00,0.0,20.1,100
2024-12-06 01:30:00,0.0,20.1,100
2024-12-06 01:45:00,0.0,20.4,100
2024-12-06 02:00:00,0.0,20.7,100
2024-12-06 02:15:00,0.0,21.1,100
2024-12-06 02:30:00,0.0,21.7,100
2024-12-06 02:45:00,0.0,22.9,98
2024-12-06 03:00:00,0.0,24.0,88
2024-12-06 03:15:00,0.0,24.3,87
2024-12-06 03:30:00,0.0,25.3,81
2024-12-06 03:45:00,0.0,25.5,78
2024-12-06 04:00:00,0.0,25.6,80
2024-12-06 04:15:00,0.0,25.3,81
2024-12-06 04:30:00,0.0,26.3,76
2024-12-06 04:45:00,0.0,27.6,71
2024-12-06 05:15:00,0.0,28.6,64
2024-12-06 05:30:00,0.0,28.8,60
2024-12-06 05:45:00,0.0,29.5,58
2024-12-06 06:00:00,0.0,30.8,52
2024-12-06 06:15:00,0.0,31.0,52
2024-12-06 06:30:00,0.0,29.7,58
2024-12-06 06:45:00,0.0,29.7,54
2024-12-06 07:00:00,0.0,29.8,53
2024-12-06 07:15:00,0.0,31.7,49
2024-12-06 07:30:00,0.0,31.1,51
2024-12-06 07:45:00,0.0,29.7,56
2024-12-06 08:00:00,0.0,31.5,47
2024-12-06 08:15:00,0.0,30.1,54
2024-12-06 08:30:00,0.0,29.1,56
2024-12-06 08:45:00,0.0,31.0,46
2024-12-06 09:00:00,0.0,30.2,50
2024-12-06 09:15:00,0.0,31.4,45
2024-12-06 09:30:00,0.0,31.9,42
2024-12-06 09:45:00,0.0,31.7,46
2024-12-06 10:00:00,0.0,31.6,51
2024-12-06 10:15:00,0.0,30.5,55
2024-12-06 10:30:00,0.0,30.2,57
2024-12-06 10:45:00,0.0,30.2,56
2024-12-06 11:00:00,0.0,28.6,68
2024-12-06 11:15:00,0.0,27.9,70
2024-12-06 11:30:00,0.0,27.2,72
2024-12-06 11:45:00,0.0,26.0,75
2024-12-06 12:00:00,0.0,25.3,78
2024-12-06 12:15:00,0.0,25.7,73
2024-12-06 12:30:00,0.0,25.0,75
2024-12-06 12:45:00,0.0,24.5,78
2024-12-06 13:00:00,0.0,23.8,79
2024-12-06 13:15:00,0.0,23.7,80
2024-12-06 13:30:00,0.0,23.4,80
2024-12-06 13:45:00,0.0,23.4,80
2024-12-06 14:00:00,0.0,23.4,82
2024-12-06 14:15:00,0.0,23.5,80
2024-12-06 14:30:00,0.0,23.4,81
2024-12-06 14:45:00,0.0,23.7,81
2024-12-06 15:00:00,0.0,23.2,82
2024-12-06 15:15:00,0.0,23.7,80
2024-12-06 15:30:00,0.0,23.5,80
2024-12-06 15:45:00,0.0,23.1,81
2024-12-06 16:00:00,0.0,22.9,81
2024-12-06 16:15:00,0.0,22.8,81
2024-12-06 16:30:00,0.0,22.4,84
2024-12-06 16:45:00,0.0,22.3,84
2024-12-06 17:00:00,0.0,22.6,84
2024-12-06 17:15:00,0.0,22.4,84
2024-12-06 17:30:00,0.0,22.1,86
2024-12-06 17:45:00,0.0,21.8,88
2024-12-06 18:00:00,0.0,21.7,88
2024-12-06 18:15:00,0.0,21.5,88
2024-12-06 18:30:00,0.0,21.5,89
2024-12-06 18:45:00,0.0,21.3,90
2024-12-06 19:00:00,0.0,21.2,89
2024-12-06 19:15:00,0.0,21.1,89
2024-12-06 19:30:00,0.0,21.1,90
2024-12-06 19:45:00,0.0,20.9,89
2024-12-06 20:00:00,0.0,20.9,90
2024-12-06 20:15:00,0.0,20.8,91
2024-12-06 20:30:00,0.0,20.7,90
2024-12-06 20:45:00,0.0,20.4,92
2024-12-06 21:00:00,0.0,20.4,94
2024-12-06 21:15:00,0.0,20.4,93
2024-12-06 21:30:00,0.0,20.4,94
2024-12-06 21:45:00,0.0,20.4,94
2024-12-06 22:00:00,0.0,20.3,94
2024-12-06 22:15:00,0.0,20.4,93
2024-12-06 22:30:00,0.0,20.2,93
2024-12-06 22:45:00,0.0,20.2,95
2024-12-06 23:00:00,0.0,20.1,96
2024-12-06 23:15:00,0.0,20.1,97
2024-12-06 23:30:00,0.0,20.1,97
2024-12-06 23:45:00,0.0,19.8,97
2024-12-07 00:00:00,0.0,19.6,98
2024-12-07 00:15:00,0.0,19.4,98
2024-12-07 00:30:00,0.0,19.5,98
2024-12-07 00:45:00,0.0,19.4,98
2024-12-07 01:00:00,0.0,19.4,98
2024-12-07 01:15:00,0.0,19.4,98
2024-12-07 01:30:00,0.0,19.5,98
2024-12-07 01:45:00,0.0,19.7,98
2024-12-07 02:00:00,0.0,19.9,97
2024-12-07 02:15:00,0.0,20.6,95
2024-12-07 02:30:00,0.0,21.5,91
2024-12-07 02:45:00,0.0,22.8,84
2024-12-07 03:00:00,0.0,23.4,83
2024-12-07 03:15:00,0.0,24.5,75
2024-12-07 03:30:00,0.0,24.3,78
2024-12-07 03:45:00,0.0,24.4,75
2024-12-07 04:00:00,0.0,25.9,74
2024-12-07 04:15:00,0.0,27.2,71
2024-12-07 04:30:00,0.0,27.8,65
2024-12-07 04:45:00,0.0,28.5,56
2024-12-07 05:00:00,0.0,29.6,54
2024-12-07 05:15:00,0.0,28.7,56
2024-12-07 05:30:00,0.0,28.8,56
2024-12-07 05:45:00,0.0,29.5,46
2024-12-07 06:00:00,0.0,28.9,44
2024-12-07 06:15:00,0.0,30.6,42
2024-12-07 06:30:00,0.0,30.2,42
2024-12-07 06:45:00,0.0,30.2,38
2024-12-07 07:00:00,0.0,30.9,36
2024-12-07 07:15:00,0.0,31.5,36
2024-12-07 07:30:00,0.0,31.2,36
2024-12-07 07:45:00,0.0,31.6,39
2024-12-07 08:00:00,0.0,30.2,42
2024-12-07 08:15:00,0.0,31.0,40
2024-12-07 08:30:00,0.0,31.0,44
2024-12-07 08:45:00,0.0,30.4,41
2024-12-07 09:00:00,0.0,31.1,39
2024-12-07 09:15:00,0.0,31.2,41
2024-12-07 09:30:00,0.0,31.1,39
2024-12-07 09:45:00,0.0,30.8,39
2024-12-07 10:00:00,0.0,30.6,43
2024-12-07 10:15:00,0.0,30.0,42
2024-12-07 10:30:00,0.0,29.4,47
2024-12-07 10:45:00,0.0,29.3,48
2024-12-07 11:00:00,0.0,28.3,53
2024-12-07 11:15:00,0.0,27.2,58
2024-12-07 11:30:00,0.0,26.1,61
2024-12-07 11:45:00,0.0,24.3,67
2024-12-07 12:00:00,0.0,23.4,67
2024-12-07 12:15:00,0.0,22.9,68
2024-12-07 12:30:00,0.0,22.7,71
2024-12-07 12:45:00,0.0,22.3,74
2024-12-07 13:00:00,0.0,22.8,73
2024-12-07 13:15:00,0.0,23.0,70
2024-12-07 13:30:00,0.0,22.6,72
2024-12-07 13:45:00,0.0,22.0,74
2024-12-07 14:00:00,0.0,21.5,78
2024-12-07 14:15:00,0.0,21.3,77
2024-12-07 14:30:00,0.0,21.2,79
2024-12-07 14:45:00,0.0,20.9,79
2024-12-07 15:00:00,0.0,21.8,72
2024-12-07 15:15:00,0.0,20.9,78
2024-12-07 15:30:00,0.0,20.6,77
2024-12-07 15:45:00,0.0,20.4,78
2024-12-07 16:00:00,0.0,20.4,75
2024-12-07 16:15:00,0.0,20.1,78
2024-12-07 16:30:00,0.0,20.1,79
2024-12-07 16:45:00,0.0,19.8,80
2024-12-07 17:00:00,0.0,19.4,81
2024-12-07 17:15:00,0.0,19.4,80
2024-12-07 17:30:00,0.0,19.4,80
2024-12-07 17:45:00,0.0,19.4,77
2024-12-07 18:00:00,0.0,19.6,77
2024-12-07 18:15:00,0.0,19.6,77
2024-12-07 18:30:00,0.0,19.6,77
2024-12-07 18:45:00,0.0,19.5,77
2024-12-07 19:00:00,0.0,19.5,77
2024-12-07 19:15:00,0.0,18.9,79
2024-12-07 19:30:00,0.0,18.6,79
2024-12-07 19:45:00,0.0,18.6,79
2024-12-07 20:00:00,0.0,18.7,80
2024-12-07 20:15:00,0.0,18.4,81
2024-12-07 20:30:00,0.0,18.3,82
2024-12-07 20:45:00,0.0,18.4,78
2024-12-07 21:00:00,0.0,18.4,78
2024-12-07 21:15:00,0.0,18.4,74
2024-12-07 21:30:00,0.0,18.5,72
2024-12-07 21:45:00,0.0,18.3,70
2024-12-07 22:00:00,0.0,18.4,69
2024-12-07 22:15:00,0.0,18.4,69
2024-12-07 22:30:00,0.0,18.4,66
2024-12-07 22:45:00,0.0,18.4,67
2024-12-07 23:00:00,0.0,18.4,66
2024-12-07 23:15:00,0.0,18.2,64
2024-12-07 23:30:00,0.0,18.2,61
2024-12-07 23:45:00,0.0,17.9,65
2024-12-08 00:00:00,0.0,17.9,64
2024-12-08 00:15:00,0.0,17.9,64
2024-12-08 00:30:00,0.0,17.7,66
2024-12-08 00:45:00,0.0,17.7,64
2024-12-08 01:00:00,0.0,17.6,63
2024-12-08 01:15:00,0.0,17.5,61
2024-12-08 01:30:00,0.0,17.6,61
2024-12-08 01:45:00,0.0,17.7,61
2024-12-08 02:00:00,0.0,17.5,69
2024-12-08 02:15:00,0.0,17.9,71
2024-12-08 02:30:00,0.0,19.2,67
2024-12-08 02:45:00,0.0,20.0,67
2024-12-08 03:00:00,0.0,20.6,68
2024-12-08 03:15:00,0.0,21.8,66
2024-12-08 03:30:00,0.0,22.2,57
2024-12-08 03:45:00,0.0,23.7,53
2024-12-08 04:00:00,0.0,25.1,43
2024-12-08 04:15:00,0.0,26.0,39
2024-12-08 04:30:00,0.0,26.6,31
2024-12-08 04:45:00,0.0,27.6,27
2024-12-08 05:00:00,0.0,28.5,31
2024-12-08 05:15:00,0.0,28.3,37
2024-12-08 05:30:00,0.0,27.9,39
2024-12-08 05:45:00,0.0,28.0,40
2024-12-08 06:00:00,0.0,28.9,38
2024-12-08 06:15:00,0.0,29.5,37
2024-12-08 06:30:00,0.0,29.5,36
2024-12-08 06:45:00,0.0,30.2,35
2024-12-08 07:00:00,0.0,29.4,38
2024-12-08 07:15:00,0.0,30.1,36
2024-12-08 07:30:00,0.0,30.7,35
2024-12-08 07:45:00,0.0,30.1,35
2024-12-08 08:00:00,0.0,30.0,36
2024-12-08 08:15:00,0.0,30.3,36
2024-12-08 08:30:00,0.0,29.5,37
2024-12-08 08:45:00,0.0,30.2,36
2024-12-08 09:00:00,0.0,30.0,35
2024-12-08 09:15:00,0.0,29.8,35
2024-12-08 09:30:00,0.0,29.5,34
2024-12-08 09:45:00,0.0,29.8,33
2024-12-08 10:00:00,0.0,29.6,33
2024-12-08 10:15:00,0.0,29.2,35
2024-12-08 10:30:00,0.0,28.5,40
2024-12-08 10:45:00,0.0,26.9,47
2024-12-08 11:00:00,0.0,25.5,47
2024-12-08 11:15:00,0.0,24.7,48
2024-12-08 11:30:00,0.0,24.0,49
2024-12-08 11:45:00,0.0,22.5,52
2024-12-08 12:00:00,0.0,21.7,56
2024-12-08 12:15:00,0.0,21.4,57
2024-12-08 12:30:00,0.0,21.2,55
2024-12-08 12:45:00,0.0,20.8,55
2024-12-08 13:00:00,0.0,20.4,52
2024-12-08 13:15:00,0.0,20.2,49
2024-12-08 13:30:00,0.0,20.0,50
2024-12-08 13:45:00,0.0,19.9,50
2024-12-08 14:00:00,0.0,19.8,49
2024-12-08 14:15:00,0.0,19.8,45
2024-12-08 14:30:00,0.0,19.4,47
2024-12-08 14:45:00,0.0,19.2,47
2024-12-08 15:00:00,0.0,19.0,45
2024-12-08 15:15:00,0.0,19.0,45
2024-12-08 15:30:00,0.0,18.8,46
2024-12-08 15:45:00,0.0,19.0,45
2024-12-08 16:00:00,0.0,18.8,48
2024-12-08 16:15:00,0.0,18.3,53
2024-12-08 16:30:00,0.0,18.2,52
2024-12-08 16:45:00,0.0,18.2,55
2024-12-08 17:00:00,0.0,18.1,54
2024-12-08 17:15:00,0.0,17.9,53
2024-12-08 17:30:00,0.0,17.7,55
2024-12-08 17:45:00,0.0,17.6,56
2024-12-08 18:00:00,0.0,17.6,55
2024-12-08 18:15:00,0.0,17.4,56
2024-12-08 18:30:00,0.0,17.3,55
2024-12-08 18:45:00,0.0,17.3,52
2024-12-08 19:00:00,0.0,17.3,50
2024-12-08 19:15:00,0.0,17.1,51
2024-12-08 19:30:00,0.0,17.2,49
2024-12-08 19:45:00,0.0,17.3,48
2024-12-08 20:00:00,0.0,17.1,49
2024-12-08 20:15:00,0.0,17.3,52
2024-12-08 20:30:00,0.0,17.1,51
2024-12-08 20:45:00,0.0,17.0,50
2024-12-08 21:00:00,0.0,16.5,47
2024-12-08 21:15:00,0.0,16.2,50
2024-12-08 21:30:00,0.0,16.2,50
2024-12-08 21:45:00,0.0,15.9,50
2024-12-08 22:00:00,0.0,15.7,53
2024-12-08 22:15:00,0.0,15.7,51
2024-12-08 22:30:00,0.0,15.7,51
2024-12-08 22:45:00,0.0,15.9,52
2024-12-08 23:00:00,0.0,16.5,51
2024-12-08 23:15:00,0.0,16.4,52
2024-12-08 23:30:00,0.0,15.9,57
2024-12-08 23:45:00,0.0,16.2,52
2024-12-09 00:00:00,0.0,15.6,58
2024-12-09 00:15:00,0.0,15.3,61
2024-12-09 00:30:00,0.0,15.4,59
2024-12-09 00:45:00,0.0,14.8,60
2024-12-09 01:00:00,0.0,14.6,63
2024-12-09 01:15:00,0.0,14.3,61
2024-12-09 01:30:00,0.0,14.3,65
2024-12-09 01:45:00,0.0,13.8,67
2024-12-09 02:00:00,0.0,13.4,72
2024-12-09 02:15:00,0.0,13.4,74
2024-12-09 02:30:00,0.0,14.8,69
2024-12-09 02:45:00,0.0,17.4,63
2024-12-09 03:00:00,0.0,17.6,60
2024-12-09 03:15:00,0.0,18.5,59
2024-12-09 03:30:00,0.0,19.6,58
2024-12-09 03:45:00,0.0,21.4,55
2024-12-09 04:00:00,0.0,22.5,43
2024-12-09 04:15:00,0.0,22.7,43
2024-12-09 04:30:00,0.0,23.8,39
2024-12-09 04:45:00,0.0,24.2,37
2024-12-09 05:00:00,0.0,24.6,34
2024-12-09 05:15:00,0.0,24.7,35
2024-12-09 05:30:00,0.0,25.3,32
2024-12-09 05:45:00,0.0,25.1,36
2024-12-09 06:00:00,0.0,25.4,33
2024-12-09 06:15:00,0.0,25.7,33
2024-12-09 06:30:00,0.0,25.4,32
2024-12-09 06:45:00,0.0,25.4,33
2024-12-09 07:00:00,0.0,25.5,33
2024-12-09 07:15:00,0.0,26.8,32
2024-12-09 07:30:00,0.0,26.8,32
2024-12-09 07:45:00,0.0,27.2,30
2024-12-09 08:00:00,0.0,27.6,29
2024-12-09 08:15:00,0.0,28.2,28
2024-12-09 08:30:00,0.0,28.3,29
2024-12-09 08:45:00,0.0,28.4,30
2024-12-09 09:00:00,0.0,28.9,31
2024-12-09 09:15:00,0.0,29.4,30
2024-12-09 09:30:00,0.0,29.2,30
2024-12-09 09:45:00,0.0,30.5,31
2024-12-09 10:00:00,0.0,28.7,40
2024-12-09 10:15:00,0.0,27.5,44
2024-12-09 10:30:00,0.0,26.8,45
2024-12-09 10:45:00,0.0,26.0,44
2024-12-09 11:00:00,0.0,24.9,45
2024-12-09 11:15:00,0.0,24.5,46
2024-12-09 11:30:00,0.0,23.9,50
2024-12-09 11:45:00,0.0,22.9,50
2024-12-09 12:00:00,0.0,22.3,53
2024-12-09 12:15:00,0.0,21.8,56
2024-12-09 12:30:00,0.0,21.7,53
2024-12-09 12:45:00,0.0,21.1,53
2024-12-09 13:00:00,0.0,20.8,51
2024-12-09 13:15:00,0.0,20.7,48
2024-12-09 13:30:00,0.0,20.6,50
2024-12-09 13:45:00,0.0,21.2,44
2024-12-09 14:00:00,0.0,20.9,48
2024-12-09 14:15:00,0.0,20.6,49
2024-12-09 14:30:00,0.0,20.4,46
2024-12-09 14:45:00,0.0,21.5,41
2024-12-09 15:00:00,0.0,21.5,42
2024-12-09 15:15:00,0.0,21.7,43
2024-12-09 15:30:00,0.0,21.2,43
2024-12-09 15:45:00,0.0,21.2,42
2024-12-09 16:00:00,0.0,20.6,47
2024-12-09 16:15:00,0.0,19.6,49
2024-12-09 16:30:00,0.0,21.2,43
2024-12-09 16:45:00,0.0,20.9,45
2024-12-09 17:00:00,0.0,21.1,43
2024-12-09 17:15:00,0.0,21.1,43
2024-12-09 17:30:00,0.0,20.5,45
2024-12-09 17:45:00,0.0,20.4,46
2024-12-09 18:00:00,0.0,19.8,48
2024-12-09 18:15:00,0.0,19.8,48
2024-12-09 18:30:00,0.0,19.8,48
2024-12-09 18:45:00,0.0,19.8,48
2024-12-09 19:00:00,0.0,19.4,49
2024-12-09 19:15:00,0.0,19.8,46
2024-12-09 19:30:00,0.0,19.5,46
2024-12-09 19:45:00,0.0,19.5,47
2024-12-09 20:00:00,0.0,19.2,48
2024-12-09 20:15:00,0.0,18.7,50
2024-12-09 20:30:00,0.0,18.7,50
2024-12-09 20:45:00,0.0,18.8,47
2024-12-09 21:00:00,0.0,18.3,52
2024-12-09 21:15:00,0.0,17.3,55
2024-12-09 21:30:00,0.0,16.8,55
2024-12-09 21:45:00,0.0,17.6,53
2024-12-09 22:00:00,0.0,16.8,52
2024-12-09 22:15:00,0.0,16.5,54
2024-12-09 22:30:00,0.0,17.0,51
2024-12-09 22:45:00,0.0,16.4,56
2024-12-09 23:00:00,0.0,17.0,53
2024-12-09 23:15:00,0.0,16.6,54
2024-12-09 23:30:00,0.0,16.5,53
2024-12-09 23:45:00,0.0,16.2,53
2024-12-10 00:00:00,0.0,16.2,54
2024-12-10 00:15:00,0.0,16.0,57
2024-12-10 00:30:00,0.0,15.7,58
2024-12-10 00:45:00,0.0,15.3,62
2024-12-10 01:00:00,0.0,14.9,61
2024-12-10 01:15:00,0.0,14.9,62
2024-12-10 01:30:00,0.0,15.0,61
2024-12-10 01:45:00,0.0,16.2,52
2024-12-10 02:00:00,0.0,16.2,56
2024-12-10 02:15:00,0.0,16.2,57
2024-12-10 02:30:00,0.0,16.9,50
2024-12-10 02:45:00,0.0,19.0,47
2024-12-10 03:00:00,0.0,19.3,45
2024-12-10 03:15:00,0.0,20.0,44
2024-12-10 03:30:00,0.0,19.7,44
2024-12-10 03:45:00,0.0,20.2,45
2024-12-10 04:00:00,0.0,20.8,46
2024-12-10 04:15:00,0.0,21.6,44
2024-12-10 04:30:00,0.0,22.4,41
2024-12-10 04:45:00,0.0,22.6,39
2024-12-10 05:00:00,0.0,23.0,38
2024-12-10 05:15:00,0.0,23.2,38
2024-12-10 05:30:00,0.0,23.8,36
2024-12-10 05:45:00,0.0,24.1,37
2024-12-10 06:00:00,0.0,24.3,36
2024-12-10 06:15:00,0.0,25.3,35
2024-12-10 06:30:00,0.0,25.6,36
2024-12-10 06:45:00,0.0,26.3,34
2024-12-10 07:00:00,0.0,26.4,34
2024-12-10 07:15:00,0.0,26.6,35
2024-12-10 07:30:00,0.0,26.9,34
2024-12-10 07:45:00,0.0,27.5,34
2024-12-10 08:00:00,0.0,28.4,33
2024-12-10 08:15:00,0.0,27.5,35
2024-12-10 08:30:00,0.0,28.0,35
2024-12-10 08:45:00,0.0,28.9,34
2024-12-10 09:00:00,0.0,28.6,35
2024-12-10 09:15:00,0.0,28.9,36
2024-12-10 09:30:00,0.0,29.5,34
2024-12-10 09:45:00,0.0,30.1,33
2024-12-10 10:00:00,0.0,29.8,39
2024-12-10 10:15:00,0.0,28.4,48
2024-12-10 10:30:00,0.0,27.3,49
2024-12-10 10:45:00,0.0,26.5,50
2024-12-10 11:00:00,0.0,25.5,53
2024-12-10 11:15:00,0.0,24.8,55
2024-12-10 11:30:00,0.0,24.3,56
2024-12-10 11:45:00,0.0,23.1,59
2024-12-10 12:00:00,0.0,22.4,60
2024-12-10 12:15:00,0.0,22.0,61
2024-12-10 12:30:00,0.0,22.0,61
2024-12-10 12:45:00,0.0,21.7,61
2024-12-10 13:00:00,0.0,21.2,61
2024-12-10 13:15:00,0.0,21.1,62
2024-12-10 13:30:00,0.0,20.9,63
2024-12-10 13:45:00,0.0,20.9,60
2024-12-10 14:00:00,0.0,20.8,61
2024-12-10 14:15:00,0.0,20.6,63
2024-12-10 14:30:00,0.0,20.4,64
2024-12-10 14:45:00,0.0,20.2,64
2024-12-10 15:00:00,0.0,20.1,65
2024-12-10 15:15:00,0.0,20.1,65
2024-12-10 15:30:00,0.0,19.8,68
2024-12-10 15:45:00,0.0,19.7,67
2024-12-10 16:00:00,0.0,19.6,68
2024-12-10 16:15:00,0.0,19.5,68
2024-12-10 16:30:00,0.0,19.4,70
2024-12-10 16:45:00,0.0,19.3,70
2024-12-10 17:00:00,0.0,19.3,70
2024-12-10 17:15:00,0.0,19.0,71
2024-12-10 17:30:00,0.0,18.7,73
2024-12-10 17:45:00,0.0,18.7,72
2024-12-10 18:00:00,0.0,18.5,76
2024-12-10 18:15:00,0.0,18.5,75
2024-12-10 18:45:00,0.0,18.3,77
2024-12-10 19:00:00,0.0,18.3,76
2024-12-10 19:15:00,0.0,18.4,73
2024-12-10 19:30:00,0.0,17.9,76
2024-12-10 19:45:00,0.0,18.3,72
2024-12-10 20:00:00,0.0,18.2,73
2024-12-10 20:15:00,0.0,17.7,75
2024-12-10 20:30:00,0.0,17.3,76
2024-12-10 20:45:00,0.0,17.3,75
2024-12-10 21:00:00,0.0,17.4,74
2024-12-10 21:15:00,0.0,17.1,74
2024-12-10 21:30:00,0.0,16.9,76
2024-12-10 21:45:00,0.0,16.8,76
2024-12-10 22:00:00,0.0,16.5,77
2024-12-10 22:15:00,0.0,16.4,77
2024-12-10 22:30:00,0.0,16.4,77
2024-12-10 22:45:00,0.0,16.5,76
2024-12-10 23:00:00,0.0,16.5,76
2024-12-10 23:15:00,0.0,16.4,78
2024-12-10 23:30:00,0.0,16.2,77
2024-12-10 23:45:00,0.0,15.9,80
2024-12-11 00:00:00,0.0,15.9,79
2024-12-11 00:15:00,0.0,15.7,81
2024-12-11 00:30:00,0.0,15.6,82
2024-12-11 00:45:00,0.0,15.6,82
2024-12-11 01:00:00,0.0,15.3,85
2024-12-11 01:15:00,0.0,15.2,85
2024-12-11 01:30:00,0.0,15.3,85
2024-12-11 01:45:00,0.0,15.4,84
2024-12-11 02:00:00,0.0,15.7,83
2024-12-11 02:15:00,0.0,16.2,84
2024-12-11 02:30:00,0.0,17.5,77
2024-12-11 02:45:00,0.0,18.2,77
2024-12-11 03:00:00,0.0,19.3,72
2024-12-11 03:15:00,0.0,20.2,65
2024-12-11 03:30:00,0.0,20.1,66
2024-12-11 03:45:00,0.0,20.8,64
2024-12-11 04:00:00,0.0,21.5,62
2024-12-11 04:15:00,0.0,22.3,57
2024-12-11 04:30:00,0.0,23.4,54
2024-12-11 04:45:00,0.0,23.5,54
2024-12-11 05:00:00,0.0,23.7,53
2024-12-11 05:15:00,0.0,23.8,54
2024-12-11 05:30:00,0.0,24.1,53
2024-12-11 05:45:00,0.0,25.4,53
2024-12-11 06:00:00,0.0,25.5,52
2024-12-11 06:15:00,0.0,25.9,52
2024-12-11 06:30:00,0.0,26.7,47
2024-12-11 06:45:00,0.0,27.4,47
2024-12-11 07:00:00,0.0,28.2,44
2024-12-11 07:15:00,0.0,28.0,44
2024-12-11 07:30:00,0.0,28.6,42
2024-12-11 07:45:00,0.0,28.0,42
2024-12-11 08:00:00,0.0,28.0,42
2024-12-11 08:15:00,0.0,28.8,41
2024-12-11 08:30:00,0.0,28.2,43
2024-12-11 08:45:00,0.0,28.9,39
2024-12-11 09:00:00,0.0,28.4,40
2024-12-11 09:15:00,0.0,29.2,40
2024-12-11 09:30:00,0.0,29.6,37
2024-12-11 09:45:00,0.0,29.1,43
2024-12-11 10:00:00,0.0,28.4,44
2024-12-11 10:15:00,0.0,28.6,44
2024-12-11 10:30:00,0.0,27.4,50
2024-12-11 10:45:00,0.0,25.9,57
2024-12-11 11:00:00,0.0,25.1,55
2024-12-11 11:15:00,0.0,24.5,60
2024-12-11 11:30:00,0.0,23.8,62
2024-12-11 11:45:00,0.0,22.9,62
2024-12-11 12:00:00,0.0,22.0,64
2024-12-11 12:15:00,0.0,21.7,64
2024-12-11 12:30:00,0.0,21.1,67
2024-12-11 12:45:00,0.0,20.9,66
2024-12-11 13:00:00,0.0,20.6,67
2024-12-11 13:15:00,0.0,20.4,66
2024-12-11 13:30:00,0.0,20.4,64
2024-12-11 13:45:00,0.0,20.2,66
2024-12-11 14:00:00,0.0,20.4,65
2024-12-11 14:15:00,0.0,20.6,65
2024-12-11 14:30:00,0.0,20.4,65
2024-12-11 14:45:00,0.0,20.1,67
2024-12-11 15:00:00,0.0,19.8,67
2024-12-11 15:15:00,0.0,19.8,66
2024-12-11 15:30:00,0.0,19.5,67
2024-12-11 15:45:00,0.0,19.3,69
2024-12-11 16:00:00,0.0,19.2,70
2024-12-11 16:15:00,0.0,19.0,69
2024-12-11 16:30:00,0.0,19.0,69
2024-12-11 16:45:00,0.0,19.0,69
2024-12-11 17:00:00,0.0,19.0,69
2024-12-11 17:15:00,0.0,18.8,68
2024-12-11 17:30:00,0.0,18.7,69
2024-12-11 17:45:00,0.0,18.4,70
2024-12-11 18:00:00,0.0,18.2,72
2024-12-11 18:15:00,0.0,18.3,71
2024-12-11 18:30:00,0.0,18.4,71
2024-12-11 18:45:00,0.0,18.4,72
2024-12-11 19:00:00,0.0,18.4,72
2024-12-11 19:15:00,0.0,17.9,74
2024-12-11 19:30:00,0.0,17.7,75
2024-12-11 19:45:00,0.0,17.9,75
2024-12-11 20:00:00,0.0,17.7,74
2024-12-11 20:15:00,0.0,17.5,75
2024-12-11 20:30:00,0.0,17.5,75
2024-12-11 20:45:00,0.0,17.3,76
2024-12-11 21:00:00,0.0,16.8,79
2024-12-11 21:15:00,0.0,16.6,79
2024-12-11 21:30:00,0.0,16.5,79
2024-12-11 21:45:00,0.0,16.5,79
2024-12-11 22:00:00,0.0,16.5,79
2024-12-11 22:15:00,0.0,16.4,80
2024-12-11 22:30:00,0.0,16.3,80
2024-12-11 22:45:00,0.0,16.4,80
2024-12-11 23:00:00,0.0,16.5,80
2024-12-11 23:15:00,0.0,16.5,78
2024-12-11 23:30:00,0.0,18.4,68
2024-12-11 23:45:00,0.0,17.4,72
2024-12-12 00:00:00,0.0,16.8,78
2024-12-12 00:15:00,0.0,15.9,81
2024-12-12 00:30:00,0.0,15.9,77
2024-12-12 00:45:00,0.0,15.9,78
2024-12-12 01:00:00,0.0,16.4,76
2024-12-12 01:15:00,0.0,16.0,77
2024-12-12 01:30:00,0.0,15.9,76
2024-12-12 01:45:00,0.0,15.9,77
2024-12-12 02:00:00,0.0,16.2,77
2024-12-12 02:15:00,0.0,16.5,77
2024-12-12 02:30:00,0.0,18.1,72
2024-12-12 02:45:00,0.0,19.3,69
2024-12-12 03:00:00,0.0,20.9,62
2024-12-12 03:15:00,0.0,21.3,55
2024-12-12 03:30:00,0.0,21.5,55
2024-12-12 03:45:00,0.0,21.8,56
2024-12-12 04:00:00,0.0,22.0,63
2024-12-12 04:15:00,0.0,22.6,59
2024-12-12 04:30:00,0.0,23.2,53
2024-12-12 04:45:00,0.0,23.7,54
2024-12-12 05:00:00,0.0,24.3,48
2024-12-12 05:15:00,0.0,24.1,48
2024-12-12 05:30:00,0.0,25.2,46
2024-12-12 05:45:00,0.0,25.8,46
2024-12-12 06:00:00,0.0,26.4,47
2024-12-12 06:15:00,0.0,27.5,42
2024-12-12 06:30:00,0.0,27.5,45
2024-12-12 06:45:00,0.0,27.8,44
2024-12-12 07:00:00,0.0,28.6,39
2024-12-12 07:15:00,0.0,28.0,40
2024-12-12 07:30:00,0.0,28.4,41
2024-12-12 07:45:00,0.0,29.0,41
2024-12-12 08:00:00,0.0,28.4,42
2024-12-12 08:15:00,0.0,28.3,40
2024-12-12 08:30:00,0.0,28.1,40
2024-12-12 08:45:00,0.0,29.0,38
2024-12-12 09:00:00,0.0,29.0,39
2024-12-12 09:15:00,0.0,28.5,41
2024-12-12 09:30:00,0.0,28.7,40
2024-12-12 09:45:00,0.0,28.3,40
2024-12-12 10:00:00,0.0,28.4,41
2024-12-12 10:15:00,0.0,28.4,46
2024-12-12 10:30:00,0.0,27.6,50
2024-12-12 10:45:00,0.0,26.5,54
2024-12-12 11:00:00,0.0,25.1,58
2024-12-12 11:15:00,0.0,24.5,55
2024-12-12 11:30:00,0.0,24.0,60
2024-12-12 11:45:00,0.0,23.1,63
2024-12-12 12:00:00,0.0,22.0,66
2024-12-12 12:15:00,0.0,21.5,67
2024-12-12 12:30:00,0.0,21.4,65
2024-12-12 12:45:00,0.0,21.2,66
2024-12-12 13:00:00,0.0,20.4,69
2024-12-12 13:15:00,0.0,20.2,69
2024-12-12 13:30:00,0.0,20.2,69
2024-12-12 13:45:00,0.0,19.8,70
2024-12-12 14:00:00,0.0,19.8,71
2024-12-12 14:15:00,0.0,19.8,71
2024-12-12 14:30:00,0.0,19.5,73
2024-12-12 14:45:00,0.0,19.3,72
2024-12-12 15:00:00,0.0,19.3,73
2024-12-12 15:15:00,0.0,19.3,72
2024-12-12 15:30:00,0.0,19.3,72
2024-12-12 15:45:00,0.0,19.2,71
2024-12-12 16:00:00,0.0,19.3,69
2024-12-12 16:15:00,0.0,19.0,71
2024-12-12 16:30:00,0.0,19.2,70
2024-12-12 16:45:00,0.0,19.2,69
2024-12-12 17:00:00,0.0,18.8,71
2024-12-12 17:15:00,0.0,18.8,70
2024-12-12 17:30:00,0.0,18.4,72
2024-12-12 17:45:00,0.0,18.3,71
2024-12-12 18:00:00,0.0,18.2,70
2024-12-12 18:15:00,0.0,19.0,63
2024-12-12 18:30:00,0.0,19.4,61
2024-12-12 18:45:00,0.0,20.1,57
2024-12-12 19:00:00,0.0,19.9,59
2024-12-12 19:15:00,0.0,19.6,60
2024-12-12 19:30:00,0.0,20.1,58
2024-12-12 19:45:00,0.0,19.5,61
2024-12-12 20:00:00,0.0,19.0,62
2024-12-12 20:15:00,0.0,18.2,65
2024-12-12 20:30:00,0.0,18.6,63
2024-12-12 20:45:00,0.0,18.8,62
2024-12-12 21:00:00,0.0,19.5,59
2024-12-12 21:15:00,0.0,19.8,58
2024-12-12 21:30:00,0.0,19.8,57
2024-12-12 21:45:00,0.0,20.1,56
2024-12-12 22:00:00,0.0,19.9,56
2024-12-12 22:15:00,0.0,19.8,57
2024-12-12 22:30:00,0.0,19.5,57
2024-12-12 22:45:00,0.0,19.3,57
2024-12-12 23:00:00,0.0,19.3,58
2024-12-12 23:15:00,0.0,19.0,58
2024-12-12 23:30:00,0.0,19.0,58
2024-12-12 23:45:00,0.0,18.9,58
2024-12-13 00:00:00,0.0,18.8,57
2024-12-13 00:15:00,0.0,18.7,57
2024-12-13 00:30:00,0.0,18.4,58
2024-12-13 00:45:00,0.0,18.5,58
2024-12-13 01:00:00,0.0,18.1,61
2024-12-13 01:15:00,0.0,18.0,60
2024-12-13 01:30:00,0.0,18.2,59
2024-12-13 01:45:00,0.0,18.2,59
2024-12-13 02:00:00,0.0,18.1,59
2024-12-13 02:15:00,0.0,18.2,58
2024-12-13 02:30:00,0.0,19.0,56
2024-12-13 02:45:00,0.0,19.3,54
2024-12-13 03:00:00,0.0,19.8,53
2024-12-13 03:15:00,0.0,20.0,53
2024-12-13 03:30:00,0.0,20.3,51
2024-12-13 03:45:00,0.0,20.4,50
2024-12-13 04:00:00,0.0,20.9,49
2024-12-13 04:15:00,0.0,21.1,46
2024-12-13 04:30:00,0.0,21.6,46
2024-12-13 04:45:00,0.0,22.0,44
2024-12-13 05:00:00,0.0,22.8,42
2024-12-13 05:15:00,0.0,23.5,41
2024-12-13 05:30:00,0.0,24.1,39
2024-12-13 05:45:00,0.0,24.8,38
2024-12-13 06:00:00,0.0,25.0,37
2024-12-13 06:15:00,0.0,25.7,36
2024-12-13 06:30:00,0.0,26.2,36
2024-12-13 06:45:00,0.0,26.3,37
2024-12-13 07:00:00,0.0,26.4,35
2024-12-13 07:15:00,0.0,26.7,34
2024-12-13 07:30:00,0.0,27.0,36
2024-12-13 07:45:00,0.0,27.2,36
2024-12-13 08:00:00,0.0,27.0,34
2024-12-13 08:30:00,0.0,27.0,32
2024-12-13 08:45:00,0.0,27.5,32
2024-12-13 09:00:00,0.0,28.0,29
2024-12-13 09:15:00,0.0,27.0,31
2024-12-13 09:30:00,0.0,27.2,29
2024-12-13 09:45:00,0.0,27.5,30
2024-12-13 10:00:00,0.0,27.7,28
2024-12-13 10:15:00,0.0,27.1,32
2024-12-13 10:30:00,0.0,27.2,31
2024-12-13 10:45:00,0.0,26.4,33
2024-12-13 11:00:00,0.0,26.3,32
2024-12-13 11:15:00,0.0,26.0,34
2024-12-13 11:30:00,0.0,25.5,35
2024-12-13 11:45:00,0.0,24.8,36
2024-12-13 12:00:00,0.0,24.1,38
2024-12-13 12:15:00,0.0,23.1,42
2024-12-13 12:30:00,0.0,23.1,41
2024-12-13 12:45:00,0.0,22.9,41
2024-12-13 13:00:00,0.0,23.5,37
2024-12-13 13:15:00,0.0,23.6,37
2024-12-13 13:30:00,0.0,23.5,38
2024-12-13 13:45:00,0.0,23.9,36
2024-12-13 14:00:00,0.0,23.9,35
2024-12-13 14:15:00,0.0,24.0,36
2024-12-13 14:30:00,0.0,23.8,36
2024-12-13 14:45:00,0.0,23.1,38
2024-12-13 15:00:00,0.0,22.0,42
2024-12-13 15:15:00,0.0,21.2,45
2024-12-13 15:30:00,0.0,21.5,44
2024-12-13 15:45:00,0.0,20.9,47
2024-12-13 16:15:00,0.0,21.2,42
2024-12-13 16:30:00,0.0,21.5,40
2024-12-13 16:45:00,0.0,21.3,41
2024-12-13 17:00:00,0.0,21.3,40
2024-12-13 17:15:00,0.0,21.2,40
2024-12-13 17:30:00,0.0,20.7,42
2024-12-13 17:45:00,0.0,20.7,41
2024-12-13 18:00:00,0.0,20.5,41
2024-12-13 18:15:00,0.0,20.4,42
2024-12-13 18:30:00,0.0,20.4,41
2024-12-13 18:45:00,0.0,20.2,42
2024-12-13 19:00:00,0.0,20.4,41
2024-12-13 19:15:00,0.0,20.4,40
2024-12-13 19:30:00,0.0,20.1,41
2024-12-13 19:45:00,0.0,19.8,43
2024-12-13 20:00:00,0.0,19.5,43
2024-12-13 20:15:00,0.0,19.8,42
2024-12-13 20:30:00,0.0,19.5,43
2024-12-13 20:45:00,0.0,19.4,44
2024-12-13 21:00:00,0.0,19.3,44
2024-12-13 21:15:00,0.0,19.3,44
2024-12-13 21:30:00,0.0,19.3,44
2024-12-13 21:45:00,0.0,19.0,45
2024-12-13 22:00:00,0.0,18.8,45
2024-12-13 22:15:00,0.0,18.4,46
2024-12-13 22:30:00,0.0,18.2,49
2024-12-13 22:45:00,0.0,17.6,50
2024-12-13 23:00:00,0.0,17.7,50
2024-12-13 23:15:00,0.0,17.7,49
2024-12-13 23:30:00,0.0,17.4,51
2024-12-13 23:45:00,0.0,17.3,51
2024-12-14 00:00:00,0.0,17.1,52
2024-12-14 00:15:00,0.0,17.3,51
2024-12-14 00:30:00,0.0,17.3,52
2024-12-14 00:45:00,0.0,17.1,53
2024-12-14 01:00:00,0.0,17.1,53
2024-12-14 01:15:00,0.0,16.8,54
2024-12-14 01:30:00,0.0,16.6,54
2024-12-14 01:45:00,0.0,16.8,53
2024-12-14 02:00:00,0.0,16.8,54
2024-12-14 02:15:00,0.0,16.8,53
2024-12-14 02:30:00,0.0,17.4,52
2024-12-14 02:45:00,0.0,17.9,52
2024-12-14 03:00:00,0.0,18.2,51
2024-12-14 03:15:00,0.0,18.7,52
2024-12-14 03:30:00,0.0,19.2,50
2024-12-14 03:45:00,0.0,19.7,49
2024-12-14 04:00:00,0.0,19.9,46
2024-12-14 04:15:00,0.0,20.3,44
2024-12-14 04:30:00,0.0,21.1,42
2024-12-14 04:45:00,0.0,22.4,39
2024-12-14 05:00:00,0.0,22.0,41
2024-12-14 05:15:00,0.0,22.7,40
2024-12-14 05:30:00,0.0,23.4,38
2024-12-14 05:45:00,0.0,23.3,38
2024-12-14 06:00:00,0.0,24.4,37
2024-12-14 06:15:00,0.0,25.2,36
2024-12-14 06:30:00,0.0,25.2,35
2024-12-14 06:45:00,0.0,25.4,35
2024-12-14 07:00:00,0.0,25.8,36
2024-12-14 07:15:00,0.0,25.9,35
2024-12-14 07:30:00,0.0,26.4,34
2024-12-14 07:45:00,0.0,26.4,34
2024-12-14 08:00:00,0.0,26.8,34
2024-12-14 08:15:00,0.0,27.0,33
2024-12-14 08:30:00,0.0,26.6,35
2024-12-14 08:45:00,0.0,26.5,35
2024-12-14 09:00:00,0.0,26.9,34
2024-12-14 09:15:00,0.0,26.6,33
2024-12-14 09:30:00,0.0,27.1,35
2024-12-14 09:45:00,0.0,26.8,33
2024-12-14 10:00:00,0.0,26.5,34
2024-12-14 10:15:00,0.0,26.9,35
2024-12-14 10:30:00,0.0,26.5,33
2024-12-14 10:45:00,0.0,26.3,37
2024-12-14 11:00:00,0.0,25.4,37
2024-12-14 11:15:00,0.0,25.2,38
2024-12-14 11:30:00,0.0,24.4,41
2024-12-14 11:45:00,0.0,23.8,43
2024-12-14 12:00:00,0.0,22.9,42
2024-12-14 12:15:00,0.0,22.8,41
2024-12-14 12:30:00,0.0,22.9,42
2024-12-14 12:45:00,0.0,22.6,41
2024-12-14 13:00:00,0.0,22.4,42
2024-12-14 13:15:00,0.0,22.6,41
2024-12-14 13:30:00,0.0,22.9,39
2024-12-14 13:45:00,0.0,22.6,41
2024-12-14 14:00:00,0.0,22.6,40
2024-12-14 14:15:00,0.0,22.6,39
2024-12-14 14:30:00,0.0,22.6,39
2024-12-14 14:45:00,0.0,22.8,39
2024-12-14 15:00:00,0.0,22.6,39
2024-12-14 15:15:00,0.0,22.6,39
2024-12-14 15:30:00,0.0,22.8,40
2024-12-14 15:45:00,0.0,22.7,40
2024-12-14 16:00:00,0.0,22.3,41
2024-12-14 16:15:00,0.0,22.6,41
2024-12-14 16:30:00,0.0,22.1,42
2024-12-14 16:45:00,0.0,22.0,43
2024-12-14 17:00:00,0.0,21.3,44
2024-12-14 17:15:00,0.0,21.1,45
2024-12-14 17:30:00,0.0,20.9,42
2024-12-14 17:45:00,0.0,20.6,42
2024-12-14 18:00:00,0.0,20.5,42
2024-12-14 18:15:00,0.0,20.4,41
2024-12-14 18:30:00,0.0,20.4,41
2024-12-14 18:45:00,0.0,20.2,41
2024-12-14 19:00:00,0.0,20.1,42
2024-12-14 19:15:00,0.0,19.5,42
2024-12-14 19:30:00,0.0,19.5,41
2024-12-14 19:45:00,0.0,19.4,41
2024-12-14 20:00:00,0.0,19.3,41
2024-12-14 20:15:00,0.0,19.2,40
2024-12-14 20:30:00,0.0,19.0,41
2024-12-14 20:45:00,0.0,19.0,40
2024-12-14 21:00:00,0.0,18.7,39
2024-12-14 21:15:00,0.0,18.7,39
2024-12-14 21:30:00,0.0,18.7,39
2024-12-14 21:45:00,0.0,18.7,38
2024-12-14 22:00:00,0.0,18.5,39
2024-12-14 22:15:00,0.0,18.7,38
2024-12-14 22:30:00,0.0,18.4,38
2024-12-14 22:45:00,0.0,17.7,40
2024-12-14 23:00:00,0.0,16.5,44
2024-12-14 23:15:00,0.0,16.8,43
2024-12-14 23:30:00,0.0,15.9,46
2024-12-14 23:45:00,0.0,15.7,48
2024-12-15 00:00:00,0.0,14.9,49
2024-12-15 00:15:00,0.0,14.8,50
2024-12-15 00:30:00,0.0,16.5,41
2024-12-15 00:45:00,0.0,15.1,46
2024-12-15 01:00:00,0.0,15.0,50
2024-12-15 01:15:00,0.0,14.3,52
2024-12-15 01:30:00,0.0,14.0,56
2024-12-15 01:45:00,0.0,13.7,56
2024-12-15 02:00:00,0.0,14.0,57
2024-12-15 02:15:00,0.0,14.6,54
2024-12-15 02:30:00,0.0,17.1,48
2024-12-15 02:45:00,0.0,18.6,44
2024-12-15 03:00:00,0.0,19.5,40
2024-12-15 03:15:00,0.0,20.8,38
2024-12-15 03:30:00,0.0,21.2,35
2024-12-15 03:45:00,0.0,20.7,37
2024-12-15 04:00:00,0.0,21.2,37
2024-12-15 04:15:00,0.0,21.3,38
2024-12-15 04:30:00,0.0,22.1,36
2024-12-15 04:45:00,0.0,22.2,36
2024-12-15 05:00:00,0.0,23.1,37
2024-12-15 05:15:00,0.0,23.8,35
2024-12-15 05:30:00,0.0,24.0,34
2024-12-15 05:45:00,0.0,24.9,33
2024-12-15 06:00:00,0.0,25.8,31
2024-12-15 06:15:00,0.0,26.3,28
2024-12-15 06:30:00,0.0,26.1,30
2024-12-15 06:45:00,0.0,26.5,30
2024-12-15 07:00:00,0.0,26.9,28
2024-12-15 07:15:00,0.0,27.2,28
2024-12-15 07:30:00,0.0,27.8,26
2024-12-15 07:45:00,0.0,27.9,24
2024-12-15 08:00:00,0.0,28.7,25
2024-12-15 08:15:00,0.0,28.7,22
2024-12-15 08:30:00,0.0,28.7,22
2024-12-15 08:45:00,0.0,29.4,18
2024-12-15 09:00:00,0.0,28.7,18
2024-12-15 09:15:00,0.0,29.6,17
2024-12-15 09:30:00,0.0,29.9,18
2024-12-15 09:45:00,0.0,29.8,19
2024-12-15 10:00:00,0.0,29.2,22
2024-12-15 10:15:00,0.0,28.4,24
2024-12-15 10:30:00,0.0,28.5,25
2024-12-15 10:45:00,0.0,27.8,32
2024-12-15 11:00:00,0.0,25.6,36
2024-12-15 11:15:00,0.0,24.8,37
2024-12-15 11:30:00,0.0,24.1,38
2024-12-15 11:45:00,0.0,22.7,44
2024-12-15 12:00:00,0.0,22.3,42
2024-12-15 12:15:00,0.0,21.7,42
2024-12-15 12:30:00,0.0,20.9,41
2024-12-15 12:45:00,0.0,20.9,41
2024-12-15 13:00:00,0.0,21.2,36
2024-12-15 13:15:00,0.0,20.7,36
2024-12-15 13:30:00,0.0,20.4,37
2024-12-15 13:45:00,0.0,22.3,29
2024-12-15 14:00:00,0.0,21.7,33
2024-12-15 14:15:00,0.0,22.6,32
2024-12-15 14:30:00,0.0,23.5,28
2024-12-15 14:45:00,0.0,23.1,29
2024-12-15 15:00:00,0.0,23.2,31
2024-12-15 15:15:00,0.0,23.1,33
2024-12-15 15:30:00,0.0,21.3,38
2024-12-15 15:45:00,0.0,21.7,37
2024-12-15 16:00:00,0.0,22.0,35
2024-12-15 16:15:00,0.0,22.3,34
2024-12-15 16:30:00,0.0,22.6,32
2024-12-15 16:45:00,0.0,22.4,33
2024-12-15 17:00:00,0.0,22.1,34
2024-12-15 17:15:00,0.0,21.8,36
2024-12-15 17:30:00,0.0,21.7,35
2024-12-15 17:45:00,0.0,21.5,34
2024-12-15 18:00:00,0.0,21.5,31
2024-12-15 18:15:00,0.0,21.3,29
2024-12-15 18:30:00,0.0,21.1,30
2024-12-15 18:45:00,0.0,20.9,34
2024-12-15 19:00:00,0.0,20.6,35
2024-12-15 19:15:00,0.0,20.6,33
2024-12-15 19:30:00,0.0,20.5,31
2024-12-15 19:45:00,0.0,20.2,32
2024-12-15 20:00:00,0.0,20.4,30
2024-12-15 20:15:00,0.0,20.2,29
2024-12-15 20:30:00,0.0,20.1,28
2024-12-15 20:45:00,0.0,20.4,26
2024-12-15 21:00:00,0.0,20.4,25
2024-12-15 21:15:00,0.0,20.2,26
2024-12-15 21:30:00,0.0,20.1,25
2024-12-15 21:45:00,0.0,19.9,25
2024-12-15 22:00:00,0.0,19.6,26
2024-12-15 22:15:00,0.0,19.6,26
2024-12-15 22:30:00,0.0,19.3,27
2024-12-15 22:45:00,0.0,19.3,26
2024-12-15 23:00:00,0.0,17.6,32
2024-12-15 23:15:00,0.0,16.4,35
2024-12-15 23:30:00,0.0,15.9,33
2024-12-15 23:45:00,0.0,16.4,31
2024-12-16 00:00:00,0.0,15.7,34
2024-12-16 00:15:00,0.0,16.8,30
2024-12-16 00:30:00,0.0,15.9,37
2024-12-16 00:45:00,0.0,14.8,42
2024-12-16 01:00:00,0.0,14.5,45
2024-12-16 01:15:00,0.0,14.3,45
2024-12-16 01:30:00,0.0,14.0,46
2024-12-16 01:45:00,0.0,13.5,50
2024-12-16 02:00:00,0.0,13.2,51
2024-12-16 02:15:00,0.0,13.5,48
2024-12-16 02:30:00,0.0,15.1,50
2024-12-16 02:45:00,0.0,16.5,49
2024-12-16 03:00:00,0.0,17.7,47
2024-12-16 03:15:00,0.0,20.0,42
2024-12-16 03:30:00,0.0,21.1,38
2024-12-16 03:45:00,0.0,22.8,31
2024-12-16 04:00:00,0.0,22.2,28
2024-12-16 04:15:00,0.0,22.4,35
2024-12-16 04:30:00,0.0,22.6,31
2024-12-16 04:45:00,0.0,22.7,32
2024-12-16 05:00:00,0.0,23.7,25
2024-12-16 05:15:00,0.0,24.2,27
2024-12-16 05:30:00,0.0,25.1,23
2024-12-16 05:45:00,0.0,24.8,25
2024-12-16 06:00:00,0.0,26.1,19
2024-12-16 06:15:00,0.0,25.9,19
2024-12-16 06:30:00,0.0,25.6,19
2024-12-16 06:45:00,0.0,26.2,16
2024-12-16 07:00:00,0.0,27.3,17
2024-12-16 07:15:00,0.0,27.6,14
2024-12-16 07:30:00,0.0,27.8,13
2024-12-16 07:45:00,0.0,28.2,14
2024-12-16 08:00:00,0.0,28.0,12
2024-12-16 08:15:00,0.0,28.0,13
2024-12-16 08:30:00,0.0,28.0,14
2024-12-16 08:45:00,0.0,28.8,14
2024-12-16 09:00:00,0.0,29.8,12
2024-12-16 09:15:00,0.0,28.8,13
2024-12-16 09:30:00,0.0,29.5,13
2024-12-16 09:45:00,0.0,29.3,12
2024-12-16 10:00:00,0.0,29.0,14
2024-12-16 10:15:00,0.0,29.0,14
2024-12-16 10:30:00,0.0,28.7,14
2024-12-16 10:45:00,0.0,28.6,19
2024-12-16 11:00:00,0.0,27.9,19
2024-12-16 11:15:00,0.0,26.4,25
2024-12-16 11:30:00,0.0,25.4,25
2024-12-16 11:45:00,0.0,24.1,25
2024-12-16 12:00:00,0.0,21.8,28
2024-12-16 12:15:00,0.0,21.3,27
2024-12-16 12:30:00,0.0,20.6,29
2024-12-16 12:45:00,0.0,20.2,31
2024-12-16 13:00:00,0.0,20.1,31
2024-12-16 13:15:00,0.0,20.1,29
2024-12-16 13:30:00,0.0,19.6,32
2024-12-16 13:45:00,0.0,20.2,29
2024-12-16 14:00:00,0.0,19.3,31
2024-12-16 14:15:00,0.0,19.0,29
2024-12-16 14:30:00,0.0,18.6,31
2024-12-16 14:45:00,0.0,18.4,30
2024-12-16 15:00:00,0.0,18.4,32
2024-12-16 15:15:00,0.0,18.2,32
2024-12-16 15:30:00,0.0,18.2,33
2024-12-16 15:45:00,0.0,18.4,32
2024-12-16 16:00:00,0.0,18.3,30
2024-12-16 16:15:00,0.0,18.2,32
2024-12-16 16:30:00,0.0,18.3,33
2024-12-16 16:45:00,0.0,17.9,34
2024-12-16 17:00:00,0.0,18.2,33
2024-12-16 17:15:00,0.0,17.9,36
2024-12-16 17:30:00,0.0,19.3,29
2024-12-16 17:45:00,0.0,19.2,35
2024-12-16 18:00:00,0.0,18.7,33
2024-12-16 18:15:00,0.0,18.8,34
2024-12-16 18:30:00,0.0,18.6,35
2024-12-16 18:45:00,0.0,19.3,32
2024-12-16 19:00:00,0.0,19.8,29
2024-12-16 19:15:00,0.0,19.5,31
2024-12-16 19:30:00,0.0,18.4,34
2024-12-16 19:45:00,0.0,17.6,35
2024-12-16 20:00:00,0.0,18.3,32
2024-12-16 20:15:00,0.0,18.3,32
2024-12-16 20:30:00,0.0,17.9,36
2024-12-16 20:45:00,0.0,17.4,35
2024-12-16 21:00:00,0.0,17.4,35
2024-12-16 21:15:00,0.0,17.6,33
2024-12-16 21:30:00,0.0,16.8,39
2024-12-16 21:45:00,0.0,16.0,40
2024-12-16 22:00:00,0.0,15.9,40
2024-12-16 22:15:00,0.0,15.6,42
2024-12-16 22:30:00,0.0,15.6,42
2024-12-16 22:45:00,0.0,15.1,43
2024-12-16 23:00:00,0.0,15.1,43
2024-12-16 23:15:00,0.0,14.7,46
2024-12-16 23:30:00,0.0,14.3,46
2024-12-16 23:45:00,0.0,14.2,48
2024-12-17 00:00:00,0.0,14.2,49
2024-12-17 00:15:00,0.0,13.7,50
2024-12-17 00:30:00,0.0,13.6,51
2024-12-17 00:45:00,0.0,13.7,47
2024-12-17 01:00:00,0.0,13.6,50
2024-12-17 01:15:00,0.0,13.8,49
2024-12-17 01:30:00,0.0,13.7,48
2024-12-17 01:45:00,0.0,13.7,49
2024-12-17 02:00:00,0.0,13.6,54
2024-12-17 02:15:00,0.0,13.7,53
2024-12-17 02:30:00,0.0,15.4,52
2024-12-17 02:45:00,0.0,17.5,45
2024-12-17 03:00:00,0.0,17.1,51
2024-12-17 03:15:00,0.0,17.6,48
2024-12-17 03:30:00,0.0,20.2,45
2024-12-17 03:45:00,0.0,19.8,45
2024-12-17 04:00:00,0.0,19.4,51
2024-12-17 04:15:00,0.0,20.0,50
2024-12-17 04:30:00,0.0,20.2,45
2024-12-17 04:45:00,0.0,21.8,41
2024-12-17 05:00:00,0.0,23.2,33
2024-12-17 05:30:00,0.0,24.6,30
2024-12-17 05:45:00,0.0,25.0,28
2024-12-17 06:00:00,0.0,25.7,27
2024-12-17 06:15:00,0.0,26.1,27
2024-12-17 06:30:00,0.0,26.4,25
2024-12-17 06:45:00,0.0,26.8,24
2024-12-17 07:00:00,0.0,27.0,22
2024-12-17 07:15:00,0.0,28.6,21
2024-12-17 07:30:00,0.0,27.7,25
2024-12-17 07:45:00,0.0,28.4,22
2024-12-17 08:00:00,0.0,29.0,21
2024-12-17 08:15:00,0.0,29.3,16
2024-12-17 08:30:00,0.0,30.1,17
2024-12-17 08:45:00,0.0,30.2,19
2024-12-17 09:00:00,0.0,30.4,21
2024-12-17 09:15:00,0.0,30.3,21
2024-12-17 09:30:00,0.0,30.9,21
2024-12-17 09:45:00,0.0,31.1,21
2024-12-17 10:00:00,0.0,30.3,25
2024-12-17 10:15:00,0.0,27.7,33
2024-12-17 10:30:00,0.0,26.9,36
2024-12-17 10:45:00,0.0,26.1,35
2024-12-17 11:00:00,0.0,25.1,35
2024-12-17 11:15:00,0.0,25.1,34
2024-12-17 11:30:00,0.0,24.6,36
2024-12-17 11:45:00,0.0,23.8,35
2024-12-17 12:00:00,0.0,23.2,36
2024-12-17 12:15:00,0.0,22.3,39
2024-12-17 12:30:00,0.0,21.7,36
2024-12-17 12:45:00,0.0,21.5,36
2024-12-17 13:00:00,0.0,20.8,35
2024-12-17 13:15:00,0.0,20.2,38
2024-12-17 13:30:00,0.0,20.6,33
2024-12-17 13:45:00,0.0,22.6,28
2024-12-17 14:00:00,0.0,23.2,27
2024-12-17 14:15:00,0.0,22.4,31
2024-12-17 14:30:00,0.0,22.6,31
2024-12-17 14:45:00,0.0,23.1,31
2024-12-17 15:00:00,0.0,21.3,37
2024-12-17 15:15:00,0.0,19.8,41
2024-12-17 15:30:00,0.0,20.5,35
2024-12-17 15:45:00,0.0,19.3,41
2024-12-17 16:00:00,0.0,18.6,42
2024-12-17 16:15:00,0.0,18.3,43
2024-12-17 16:30:00,0.0,18.8,40
2024-12-17 16:45:00,0.0,18.4,43
2024-12-17 17:00:00,0.0,20.6,32
2024-12-17 17:15:00,0.0,19.5,37
2024-12-17 17:30:00,0.0,18.7,40
2024-12-17 17:45:00,0.0,19.0,38
2024-12-17 18:00:00,0.0,19.6,35
2024-12-17 18:15:00,0.0,18.3,43
2024-12-17 18:30:00,0.0,18.3,43
2024-12-17 18:45:00,0.0,17.4,47
2024-12-17 19:00:00,0.0,17.0,45
2024-12-17 19:15:00,0.0,16.8,50
2024-12-17 19:30:00,0.0,16.7,50
2024-12-17 19:45:00,0.0,16.2,48
2024-12-17 20:00:00,0.0,16.2,50
2024-12-17 20:15:00,0.0,16.2,50
2024-12-17 20:30:00,0.0,16.2,50
2024-12-17 20:45:00,0.0,16.2,50
2024-12-17 21:00:00,0.0,15.7,52
2024-12-17 21:15:00,0.0,15.3,54
2024-12-17 21:30:00,0.0,14.8,56
2024-12-17 21:45:00,0.0,14.5,58
2024-12-17 22:00:00,0.0,14.5,57
2024-12-17 22:15:00,0.0,14.0,58
2024-12-17 22:30:00,0.0,13.7,59
2024-12-17 22:45:00,0.0,13.5,61
2024-12-17 23:00:00,0.0,13.8,60
2024-12-17 23:30:00,0.0,14.0,60
2024-12-17 23:45:00,0.0,13.8,63
2024-12-18 00:00:00,0.0,13.8,63
2024-12-18 00:15:00,0.0,13.7,63
2024-12-18 00:30:00,0.0,13.7,63
2024-12-18 00:45:00,0.0,13.6,64
2024-12-18 01:00:00,0.0,13.4,65
2024-12-18 01:15:00,0.0,13.4,63
2024-12-18 01:30:00,0.0,13.2,65
2024-12-18 01:45:00,0.0,13.2,65
2024-12-18 02:00:00,0.0,13.4,67
2024-12-18 02:15:00,0.0,13.6,65
2024-12-18 02:30:00,0.0,14.5,64
2024-12-18 02:45:00,0.0,15.3,64
2024-12-18 03:00:00,0.0,17.0,58
2024-12-18 03:15:00,0.0,17.5,60
2024-12-18 03:30:00,0.0,18.5,50
2024-12-18 03:45:00,0.0,18.7,50
2024-12-18 04:00:00,0.0,18.7,53
2024-12-18 04:15:00,0.0,20.1,49
2024-12-18 04:30:00,0.0,19.6,53
2024-12-18 04:45:00,0.0,20.7,51
2024-12-18 05:00:00,0.0,21.5,50
2024-12-18 05:15:00,0.0,23.2,46
2024-12-18 05:30:00,0.0,24.2,42
2024-12-18 05:45:00,0.0,25.1,37
2024-12-18 06:00:00,0.0,25.1,33
2024-12-18 06:15:00,0.0,25.9,28
2024-12-18 06:30:00,0.0,26.2,26
2024-12-18 06:45:00,0.0,26.2,22
2024-12-18 07:00:00,0.0,26.5,22
2024-12-18 07:15:00,0.0,26.5,23
2024-12-18 07:30:00,0.0,27.3,21
2024-12-18 07:45:00,0.0,27.3,21
2024-12-18 08:00:00,0.0,27.8,25
2024-12-18 08:30:00,0.0,29.1,23
2024-12-18 08:45:00,0.0,28.4,22
2024-12-18 09:00:00,0.0,28.4,25
2024-12-18 09:15:00,0.0,28.9,22
2024-12-18 09:30:00,0.0,29.3,26
2024-12-18 09:45:00,0.0,29.6,22
2024-12-18 10:00:00,0.0,28.8,31
2024-12-18 10:15:00,0.0,27.3,34
2024-12-18 10:30:00,0.0,26.4,36
2024-12-18 10:45:00,0.0,25.5,35
2024-12-18 11:00:00,0.0,24.7,38
2024-12-18 11:30:00,0.0,22.9,40
2024-12-18 11:45:00,0.0,22.2,41
2024-12-18 12:00:00,0.0,21.8,43
2024-12-18 12:15:00,0.0,22.0,45
2024-12-18 12:30:00,0.0,21.7,47
2024-12-18 12:45:00,0.0,20.9,49
2024-12-18 13:00:00,0.0,20.2,53
2024-12-18 13:15:00,0.0,19.8,52
2024-12-18 13:30:00,0.0,19.8,48
2024-12-18 13:45:00,0.0,19.8,46
2024-12-18 14:00:00,0.0,19.3,48
2024-12-18 14:15:00,0.0,19.0,50
2024-12-18 14:30:00,0.0,18.8,54
2024-12-18 14:45:00,0.0,18.9,51
2024-12-18 15:00:00,0.0,18.7,51
2024-12-18 15:15:00,0.0,18.4,50
2024-12-18 15:30:00,0.0,18.4,50
2024-12-18 15:45:00,0.0,18.2,50
2024-12-18 16:00:00,0.0,17.9,51
2024-12-18 16:15:00,0.0,17.6,50
2024-12-18 16:30:00,0.0,17.9,48
2024-12-18 16:45:00,0.0,17.9,50
2024-12-18 17:00:00,0.0,17.6,51
2024-12-18 17:15:00,0.0,17.4,50
2024-12-18 17:30:00,0.0,17.6,46
2024-12-18 17:45:00,0.0,17.7,43
2024-12-18 18:00:00,0.0,17.6,45
2024-12-18 18:15:00,0.0,17.3,43
2024-12-18 18:30:00,0.0,17.0,45
2024-12-18 18:45:00,0.0,16.8,46
2024-12-18 19:00:00,0.0,16.6,43
2024-12-18 19:15:00,0.0,16.8,41
2024-12-18 19:30:00,0.0,16.8,43
2024-12-18 19:45:00,0.0,16.2,45
2024-12-18 20:00:00,0.0,15.7,46
2024-12-18 20:15:00,0.0,15.9,46
2024-12-18 20:30:00,0.0,15.6,49
2024-12-18 20:45:00,0.0,14.9,55
2024-12-18 21:00:00,0.0,14.2,57
2024-12-18 21:15:00,0.0,14.2,55
2024-12-18 21:30:00,0.0,13.7,60
2024-12-18 21:45:00,0.0,14.2,54
2024-12-18 22:00:00,0.0,14.0,55
2024-12-18 22:15:00,0.0,14.3,52
2024-12-18 22:30:00,0.0,14.3,53
2024-12-18 22:45:00,0.0,14.3,55
2024-12-18 23:00:00,0.0,14.2,56
2024-12-18 23:15:00,0.0,14.0,54
2024-12-18 23:30:00,0.0,14.2,53
2024-12-18 23:45:00,0.0,14.0,56
2024-12-19 00:00:00,0.0,14.0,57
2024-12-19 00:15:00,0.0,13.8,58
2024-12-19 00:30:00,0.0,13.5,62
2024-12-19 00:45:00,0.0,13.2,60
2024-12-19 01:00:00,0.0,13.2,63
2024-12-19 01:15:00,0.0,13.4,63
2024-12-19 01:30:00,0.0,13.5,62
2024-12-19 01:45:00,0.0,13.4,60
2024-12-19 02:00:00,0.0,13.6,63
2024-12-19 02:15:00,0.0,13.6,62
2024-12-19 02:30:00,0.0,14.7,63
2024-12-19 02:45:00,0.0,16.2,58
2024-12-19 03:00:00,0.0,16.8,54
2024-12-19 03:15:00,0.0,19.5,48
2024-12-19 03:30:00,0.0,18.4,47
2024-12-19 03:45:00,0.0,19.5,50
2024-12-19 04:00:00,0.0,20.7,44
2024-12-19 04:15:00,0.0,21.6,44
2024-12-19 04:30:00,0.0,21.6,43
2024-12-19 04:45:00,0.0,22.6,47
2024-12-19 05:00:00,0.0,24.3,44
2024-12-19 05:15:00,0.0,25.0,38
2024-12-19 05:30:00,0.0,25.5,36
2024-12-19 05:45:00,0.0,25.7,33
2024-12-19 06:00:00,0.0,26.9,32
2024-12-19 06:15:00,0.0,26.9,31
2024-12-19 06:30:00,0.0,28.1,31
2024-12-19 06:45:00,0.0,28.6,31
2024-12-19 07:00:00,0.0,29.1,31
2024-12-19 07:15:00,0.0,29.5,31
2024-12-19 07:30:00,0.0,29.2,29
2024-12-19 07:45:00,0.0,28.8,29
2024-12-19 08:00:00,0.0,29.0,29
2024-12-19 08:15:00,0.0,29.0,31
2024-12-19 08:30:00,0.0,30.3,29
2024-12-19 08:45:00,0.0,29.8,28
2024-12-19 09:00:00,0.0,30.2,29
2024-12-19 09:15:00,0.0,29.6,32
2024-12-19 09:30:00,0.0,29.5,32
2024-12-19 09:45:00,0.0,29.0,33
2024-12-19 10:00:00,0.0,29.1,34
2024-12-19 10:15:00,0.0,28.7,36
2024-12-19 10:30:00,0.0,28.3,39
2024-12-19 10:45:00,0.0,27.6,39
2024-12-19 11:00:00,0.0,26.0,46
2024-12-19 11:15:00,0.0,25.4,46
2024-12-19 11:30:00,0.0,25.2,42
2024-12-19 11:45:00,0.0,24.2,47
2024-12-19 12:00:00,0.0,24.1,46
2024-12-19 12:15:00,0.0,23.9,45
2024-12-19 12:30:00,0.0,22.6,50
2024-12-19 12:45:00,0.0,21.7,51
2024-12-19 13:00:00,0.0,22.9,48
2024-12-19 13:15:00,0.0,20.6,57
2024-12-19 13:30:00,0.0,20.0,61
2024-12-19 13:45:00,0.0,19.8,62
2024-12-19 14:00:00,0.0,19.8,62
2024-12-19 14:15:00,0.0,19.5,63
2024-12-19 14:30:00,0.0,19.3,64
2024-12-19 14:45:00,0.0,19.5,61
2024-12-19 15:00:00,0.0,19.4,61
2024-12-19 15:15:00,0.0,19.0,63
2024-12-19 15:30:00,0.0,19.0,64
2024-12-19 15:45:00,0.0,19.0,65
2024-12-19 16:00:00,0.0,19.0,63
2024-12-19 16:15:00,0.0,18.8,63
2024-12-19 16:30:00,0.0,18.7,63
2024-12-19 16:45:00,0.0,18.7,63
2024-12-19 17:00:00,0.0,18.7,65
2024-12-19 17:15:00,0.0,18.6,63
2024-12-19 17:30:00,0.0,18.4,64
2024-12-19 17:45:00,0.0,18.2,67
2024-12-19 18:00:00,0.0,17.7,69
2024-12-19 18:15:00,0.0,17.5,70
2024-12-19 18:30:00,0.0,17.4,70
2024-12-19 18:45:00,0.0,17.3,71
2024-12-19 19:00:00,0.0,17.4,71
2024-12-19 19:15:00,0.0,17.4,72
2024-12-19 19:30:00,0.0,17.3,72
2024-12-19 19:45:00,0.0,17.0,72
2024-12-19 20:00:00,0.0,17.0,72
2024-12-19 20:15:00,0.0,17.3,71
2024-12-19 20:30:00,0.0,17.3,71
2024-12-19 20:45:00,0.0,17.1,71
2024-12-19 21:00:00,0.0,17.4,69
2024-12-19 21:15:00,0.0,17.1,71
2024-12-19 21:30:00,0.0,16.8,73
2024-12-19 21:45:00,0.0,16.5,75
2024-12-19 22:00:00,0.0,16.2,76
2024-12-19 22:15:00,0.0,16.5,75
2024-12-19 22:30:00,0.0,16.5,75
2024-12-19 22:45:00,0.0,16.5,74
2024-12-19 23:00:00,0.0,16.5,75
2024-12-19 23:15:00,0.0,16.5,75
2024-12-19 23:30:00,0.0,16.5,74
2024-12-19 23:45:00,0.0,16.4,74
2024-12-20 00:00:00,0.0,16.0,75
2024-12-20 00:15:00,0.0,15.9,76
2024-12-20 00:30:00,0.0,15.9,75
2024-12-20 00:45:00,0.0,15.9,76
2024-12-20 01:00:00,0.0,15.7,79
2024-12-20 01:15:00,0.0,15.6,79
2024-12-20 01:30:00,0.0,15.4,79
2024-12-20 01:45:00,0.0,15.6,79
2024-12-20 02:00:00,0.0,15.9,79
2024-12-20 02:15:00,0.0,16.0,78
2024-12-20 02:30:00,0.0,17.0,76
2024-12-20 02:45:00,0.0,19.3,69
2024-12-20 03:00:00,0.0,19.5,71
2024-12-20 03:15:00,0.0,21.2,60
2024-12-20 03:30:00,0.0,20.8,65
2024-12-20 03:45:00,0.0,21.4,62
2024-12-20 04:00:00,0.0,20.8,64
2024-12-20 04:15:00,0.0,22.4,62
2024-12-20 04:30:00,0.0,23.0,63
2024-12-20 04:45:00,0.0,23.0,60
2024-12-20 05:00:00,0.0,24.8,49
2024-12-20 05:15:00,0.0,25.6,45
2024-12-20 05:30:00,0.0,26.2,40
2024-12-20 05:45:00,0.0,26.6,41
2024-12-20 06:00:00,0.0,26.9,40
2024-12-20 06:15:00,0.0,28.2,38
2024-12-20 06:30:00,0.0,28.3,36
2024-12-20 06:45:00,0.0,29.2,35
2024-12-20 07:00:00,0.0,28.6,38
2024-12-20 07:15:00,0.0,28.7,38
2024-12-20 07:30:00,0.0,28.7,40
2024-12-20 07:45:00,0.0,29.0,38
2024-12-20 08:00:00,0.0,29.5,36
2024-12-20 08:15:00,0.0,29.5,37
2024-12-20 08:30:00,0.0,29.6,36
2024-12-20 08:45:00,0.0,29.8,39
2024-12-20 09:30:00,0.0,29.2,38
2024-12-20 09:45:00,0.0,28.8,40
2024-12-20 10:00:00,0.0,28.7,41
2024-12-20 10:15:00,0.0,27.7,47
2024-12-20 10:30:00,0.0,27.0,51
2024-12-20 10:45:00,0.0,26.8,53
2024-12-20 11:00:00,0.0,26.4,53
2024-12-20 11:30:00,0.0,25.1,58
2024-12-20 11:45:00,0.0,24.6,58
2024-12-20 12:00:00,0.0,23.1,67
2024-12-20 12:15:00,0.0,22.2,71
2024-12-20 12:30:00,0.0,21.7,75
2024-12-20 12:45:00,0.0,21.1,79
2024-12-20 13:00:00,0.0,20.9,80
2024-12-20 13:15:00,0.0,20.4,83
2024-12-20 13:30:00,0.0,20.2,86
2024-12-20 13:45:00,0.0,20.7,88
2024-12-20 14:00:00,0.0,20.1,88
2024-12-20 14:15:00,0.0,19.5,89
2024-12-20 14:30:00,0.0,19.3,91
2024-12-20 14:45:00,0.0,20.1,90
2024-12-20 15:00:00,0.0,19.2,94
2024-12-20 15:15:00,0.0,18.8,96
2024-12-20 15:30:00,0.0,18.7,95
2024-12-20 15:45:00,0.0,18.7,98
2024-12-20 16:00:00,0.0,18.4,98
2024-12-20 16:15:00,0.0,18.7,99
2024-12-20 16:30:00,0.0,19.2,100
2024-12-20 16:45:00,0.0,19.0,100
2024-12-20 17:00:00,0.0,18.8,100
2024-12-20 17:15:00,0.0,18.3,100
2024-12-20 17:30:00,0.0,19.0,100
2024-12-20 17:45:00,0.0,19.0,100
2024-12-20 18:00:00,0.0,19.0,100
2024-12-20 18:15:00,0.0,18.8,100
2024-12-20 18:30:00,0.0,18.4,100
2024-12-20 18:45:00,0.0,18.2,100
2024-12-20 19:00:00,0.0,18.4,100
2024-12-20 19:15:00,0.0,17.9,100
2024-12-20 19:30:00,0.0,18.5,100
2024-12-20 19:45:00,0.0,18.7,100
2024-12-20 20:00:00,0.0,18.2,100
2024-12-20 20:15:00,0.0,17.9,100
2024-12-20 20:30:00,0.0,17.5,100
2024-12-20 20:45:00,0.0,17.4,100
2024-12-20 21:00:00,0.0,17.6,100
2024-12-20 21:15:00,0.0,17.4,100
2024-12-20 21:30:00,0.0,17.3,100
2024-12-20 21:45:00,0.0,17.1,100
2024-12-20 22:00:00,0.0,17.3,100
2024-12-20 22:15:00,0.0,17.3,100
2024-12-20 22:30:00,0.0,17.3,100
2024-12-20 22:45:00,0.0,17.1,100
2024-12-20 23:00:00,0.0,16.8,100
2024-12-20 23:15:00,0.0,17.0,100
2024-12-20 23:30:00,0.0,16.9,100
2024-12-20 23:45:00,0.0,16.8,100
2024-12-21 00:00:00,0.0,16.8,100
2024-12-21 00:15:00,0.0,16.8,100
2024-12-21 00:30:00,0.0,16.5,100
2024-12-21 00:45:00,0.0,16.4,100
2024-12-21 01:00:00,0.0,16.2,100
2024-12-21 01:15:00,0.0,16.2,100
2024-12-21 01:30:00,0.0,16.2,100
2024-12-21 01:45:00,0.0,16.3,100
2024-12-21 02:00:00,0.0,15.9,100
2024-12-21 02:15:00,0.0,15.7,100
2024-12-21 02:30:00,0.0,16.5,100
2024-12-21 02:45:00,0.0,16.5,100
2024-12-21 03:00:00,0.0,16.9,100
2024-12-21 03:15:00,0.0,17.9,100
2024-12-21 03:30:00,0.0,18.2,100
2024-12-21 03:45:00,0.0,18.2,100
2024-12-21 04:00:00,0.0,18.7,100
2024-12-21 04:15:00,0.0,19.4,100
2024-12-21 04:30:00,0.0,20.1,100
2024-12-21 04:45:00,0.0,21.4,89
2024-12-21 05:00:00,0.0,21.7,87
2024-12-21 05:15:00,0.0,22.8,85
2024-12-21 05:30:00,0.0,24.3,68
2024-12-21 05:45:00,0.0,25.1,62
2024-12-21 06:00:00,0.0,26.0,48
2024-12-21 06:15:00,0.0,27.0,43
2024-12-21 07:00:00,0.0,27.9,42
2024-12-21 07:15:00,0.0,28.9,40
2024-12-21 07:30:00,0.0,28.7,41
2024-12-21 07:45:00,0.0,28.6,42
2024-12-21 13:45:00,0.0,20.4,89
2024-12-21 14:00:00,0.0,20.1,90
2024-12-21 14:15:00,0.0,20.4,89
2024-12-21 14:30:00,0.0,20.1,88
2024-12-21 14:45:00,0.0,19.5,92
2024-12-21 15:00:00,0.0,19.2,93
2024-12-21 15:15:00,0.0,19.0,95
2024-12-21 15:30:00,0.0,18.7,95
2024-12-21 15:45:00,0.0,19.2,92
2024-12-21 16:00:00,0.0,19.0,91
2024-12-21 16:15:00,0.0,19.0,89
2024-12-21 16:30:00,0.0,18.7,89
2024-12-21 16:45:00,0.0,18.2,92
2024-12-21 17:00:00,0.0,17.9,94
2024-12-21 17:15:00,0.0,17.7,95
2024-12-21 17:30:00,0.0,17.4,96
2024-12-21 18:00:00,0.0,17.4,95
2024-12-21 18:15:00,0.0,17.3,94
2024-12-21 18:30:00,0.0,17.3,95
2024-12-21 18:45:00,0.0,17.4,96
2024-12-21 19:00:00,0.0,17.4,98
2024-12-21 19:15:00,0.0,17.3,98
2024-12-21 19:30:00,0.0,17.3,97
2024-12-21 19:45:00,0.0,17.0,98
2024-12-21 20:00:00,0.0,16.9,97
2024-12-21 20:15:00,0.0,16.8,96
2024-12-21 23:15:00,0.0,16.2,100
2024-12-21 23:30:00,0.0,16.0,100
2024-12-21 23:45:00,0.0,16.2,100
2024-12-22 00:00:00,0.0,15.9,100
2024-12-22 00:15:00,0.0,15.7,100
2024-12-22 00:30:00,0.0,15.7,100
2024-12-22 00:45:00,0.0,15.7,100
2024-12-22 01:00:00,0.0,15.7,100
2024-12-22 01:15:00,0.0,15.7,100
2024-12-22 01:30:00,0.0,15.6,100
2024-12-22 01:45:00,0.0,15.6,100
2024-12-22 02:00:00,0.0,15.7,100
2024-12-22 02:15:00,0.0,15.9,100
2024-12-22 02:30:00,0.0,16.5,100
2024-12-22 02:45:00,0.0,17.3,100
2024-12-22 03:00:00,0.0,18.0,96
2024-12-22 03:15:00,0.0,18.6,88
2024-12-22 03:30:00,0.0,19.0,87
2024-12-22 03:45:00,0.0,19.8,84
2024-12-22 04:00:00,0.0,20.2,84
2024-12-22 04:15:00,0.0,20.3,82
2024-12-22 04:30:00,0.0,21.1,79
2024-12-22 04:45:00,0.0,21.9,76
2024-12-22 05:00:00,0.0,22.7,73
2024-12-22 05:15:00,0.0,23.8,69
2024-12-22 05:30:00,0.0,24.0,69
2024-12-22 05:45:00,0.0,24.5,65
2024-12-22 06:00:00,0.0,25.2,64
2024-12-22 06:15:00,0.0,25.3,64
2024-12-22 06:30:00,0.0,26.5,60
2024-12-22 06:45:00,0.0,26.4,60
2024-12-22 07:00:00,0.0,26.4,60
2024-12-22 07:15:00,0.0,26.6,61
2024-12-22 07:30:00,0.0,26.6,60
2024-12-22 07:45:00,0.0,26.3,63
2024-12-22 08:00:00,0.0,27.2,59
2024-12-22 08:15:00,0.0,27.2,60
2024-12-22 08:30:00,0.0,27.2,59
2024-12-22 08:45:00,0.0,26.9,60
2024-12-22 09:00:00,0.0,26.0,61
2024-12-22 09:15:00,0.0,26.4,59
2024-12-22 09:30:00,0.0,26.1,60
2024-12-22 09:45:00,0.0,26.1,59
2024-12-22 10:00:00,0.0,25.9,60
2024-12-22 10:15:00,0.0,25.3,62
2024-12-22 10:30:00,0.0,25.4,63
2024-12-22 10:45:00,0.0,24.9,64
2024-12-22 11:00:00,0.0,24.3,66
2024-12-22 11:15:00,0.0,24.0,67
2024-12-22 11:30:00,0.0,23.6,69
2024-12-22 11:45:00,0.0,23.1,73
2024-12-22 12:00:00,0.0,22.3,75
2024-12-22 12:15:00,0.0,22.0,79
2024-12-22 12:30:00,0.0,21.5,82
2024-12-22 12:45:00,0.0,20.6,87
2024-12-22 13:00:00,0.0,20.8,87
2024-12-22 13:15:00,0.0,20.7,87
2024-12-22 13:30:00,0.0,20.6,88
2024-12-22 13:45:00,0.0,20.4,89
2024-12-22 14:00:00,0.0,20.1,91
2024-12-22 14:15:00,0.0,19.5,94
2024-12-22 14:30:00,0.0,19.8,92
2024-12-22 14:45:00,0.0,19.6,93
2024-12-22 15:00:00,0.0,19.0,96
2024-12-22 15:15:00,0.0,19.4,95
2024-12-22 15:30:00,0.0,19.8,92
2024-12-22 15:45:00,0.0,19.6,93
2024-12-22 16:00:00,0.0,20.0,91
2024-12-22 16:15:00,0.0,20.1,90
2024-12-22 16:30:00,0.0,19.8,92
2024-12-22 16:45:00,0.0,19.2,95
2024-12-22 17:00:00,0.0,18.7,97
2024-12-22 17:15:00,0.0,18.5,97
2024-12-22 17:30:00,0.0,19.0,95
2024-12-22 17:45:00,0.0,18.7,96
2024-12-22 18:00:00,0.0,18.3,99
2024-12-22 18:15:00,0.0,18.2,99
2024-12-22 18:30:00,0.0,17.9,100
2024-12-22 18:45:00,0.0,17.9,100
2024-12-22 19:00:00,0.0,17.9,100
2024-12-22 19:15:00,0.0,18.2,100
2024-12-22 19:30:00,0.0,18.3,100
2024-12-22 19:45:00,0.0,18.2,100
2024-12-22 20:00:00,0.0,18.2,100
2024-12-22 20:15:00,0.0,18.2,100
2024-12-22 20:30:00,0.0,18.1,100
2024-12-22 20:45:00,0.0,17.9,100
2024-12-22 21:15:00,0.0,17.9,100
2024-12-22 21:30:00,0.0,18.2,100
2024-12-22 21:45:00,0.0,18.3,100
2024-12-22 22:00:00,0.0,18.3,99
2024-12-22 22:15:00,0.0,17.9,100
2024-12-22 22:30:00,0.0,18.1,100
2024-12-22 22:45:00,0.0,18.1,100
2024-12-22 23:00:00,0.0,17.9,100
2024-12-22 23:15:00,0.0,17.5,100
2024-12-22 23:30:00,0.0,17.7,100
2024-12-22 23:45:00,0.0,17.9,100
2024-12-23 00:00:00,0.0,17.9,100
2024-12-23 00:15:00,0.0,18.3,100
2024-12-23 00:30:00,0.0,17.9,100
2024-12-23 00:45:00,0.0,17.5,100
2024-12-23 01:00:00,0.0,17.1,100
2024-12-23 01:15:00,0.0,16.8,100
2024-12-23 01:30:00,0.0,16.6,100
2024-12-23 01:45:00,0.0,16.5,100
2024-12-23 02:00:00,0.0,16.6,100
2024-12-23 02:15:00,0.0,17.0,100
2024-12-23 02:30:00,0.0,17.3,100
2024-12-23 02:45:00,0.0,18.1,100
2024-12-23 03:00:00,0.0,18.2,100
2024-12-23 03:15:00,0.0,19.0,100
2024-12-23 03:30:00,0.0,19.5,95
2024-12-23 03:45:00,0.0,19.8,92
2024-12-23 04:00:00,0.0,20.2,89
2024-12-23 04:15:00,0.0,20.6,83
2024-12-23 04:30:00,0.0,20.8,81
2024-12-23 04:45:00,0.0,22.0,76
2024-12-23 05:00:00,0.0,22.9,73
2024-12-23 05:15:00,0.0,23.5,70
2024-12-23 05:30:00,0.0,23.0,71
2024-12-23 05:45:00,0.0,23.5,68
2024-12-23 06:00:00,0.0,24.3,64
2024-12-23 06:15:00,0.0,23.4,66
2024-12-23 06:30:00,0.0,24.7,60
2024-12-23 06:45:00,0.0,24.9,58
2024-12-23 07:00:00,0.0,25.3,57
2024-12-23 07:15:00,0.0,24.9,57
2024-12-23 07:30:00,0.0,25.1,57
2024-12-23 07:45:00,0.0,24.5,57
2024-12-23 08:00:00,0.0,25.4,56
2024-12-23 08:15:00,0.0,25.6,57
2024-12-23 08:30:00,0.0,25.1,56
2024-12-23 08:45:00,0.0,25.4,56
2024-12-23 09:00:00,0.0,26.0,55
2024-12-23 09:15:00,0.0,25.2,56
2024-12-23 09:30:00,0.0,24.9,58
2024-12-23 09:45:00,0.0,24.9,59
2024-12-23 10:00:00,0.0,24.9,60
2024-12-23 10:15:00,0.0,24.7,59
2024-12-23 10:30:00,0.0,24.0,63
2024-12-23 10:45:00,0.0,23.8,63
2024-12-23 11:15:00,0.0,23.9,63
2024-12-23 11:30:00,0.0,23.4,64
2024-12-23 11:45:00,0.0,22.6,69
2024-12-23 12:00:00,0.0,22.0,72
2024-12-23 12:15:00,0.0,21.4,73
2024-12-23 12:30:00,0.0,20.3,79
2024-12-23 12:45:00,0.0,19.3,83
2024-12-23 13:00:00,0.0,19.2,84
2024-12-23 13:15:00,0.0,18.8,85
2024-12-23 13:30:00,0.0,18.7,85
2024-12-23 13:45:00,0.0,19.0,85
2024-12-23 14:00:00,0.0,19.1,86
2024-12-23 14:15:00,0.0,18.5,90
2024-12-23 14:30:00,0.0,18.3,93
2024-12-23 14:45:00,0.0,18.2,94
2024-12-23 15:00:00,0.0,18.1,94
2024-12-23 15:15:00,0.0,17.9,95
2024-12-23 15:30:00,0.0,17.9,95
2024-12-23 16:00:00,0.0,18.1,95
2024-12-23 16:15:00,0.0,18.3,95
2024-12-23 16:30:00,0.0,18.2,98
2024-12-23 16:45:00,0.0,18.1,99
2024-12-23 17:00:00,0.0,17.9,100
2024-12-23 17:15:00,0.0,17.7,100
2024-12-23 17:30:00,0.0,17.5,100
2024-12-23 17:45:00,0.0,17.5,100
2024-12-23 18:00:00,0.0,17.3,100
2024-12-23 18:15:00,0.0,17.3,100
2024-12-23 18:30:00,0.0,17.3,100
2024-12-23 18:45:00,0.0,17.3,100
2024-12-23 19:00:00,0.0,17.0,100
2024-12-23 19:15:00,0.0,17.0,100
2024-12-23 19:30:00,0.0,16.9,100
2024-12-23 19:45:00,0.0,17.0,100
2024-12-23 20:00:00,0.0,16.8,100
2024-12-23 20:15:00,0.0,16.8,100
2024-12-23 20:30:00,0.0,16.8,100
2024-12-23 20:45:00,0.0,16.7,100
2024-12-23 21:00:00,0.0,16.8,100
2024-12-23 21:30:00,0.0,17.0,100
2024-12-23 21:45:00,0.0,16.9,100
2024-12-23 22:00:00,0.0,16.8,100
2024-12-23 22:15:00,0.0,16.8,100
2024-12-23 22:30:00,0.0,16.8,100
2024-12-23 22:45:00,0.0,16.8,100
2024-12-23 23:00:00,0.0,16.6,100
2024-12-23 23:15:00,0.0,16.8,100
2024-12-23 23:30:00,0.0,16.8,100
2024-12-23 23:45:00,0.0,16.5,100
2024-12-24 00:00:00,0.0,16.4,100
2024-12-24 00:15:00,0.0,16.5,100
2024-12-24 00:30:00,0.0,16.6,100
2024-12-24 00:45:00,0.0,16.5,100
2024-12-24 01:00:00,0.0,16.5,100
2024-12-24 01:15:00,0.0,16.8,100
2024-12-24 01:30:00,0.0,16.6,100
2024-12-24 01:45:00,0.0,16.5,100
2024-12-24 02:00:00,0.0,16.5,100
2024-12-24 02:15:00,0.0,16.8,100
2024-12-24 02:30:00,0.0,17.1,100
2024-12-24 02:45:00,0.0,17.4,100
2024-12-24 03:00:00,0.0,17.9,100
2024-12-24 03:15:00,0.0,18.2,100
2024-12-24 03:30:00,0.0,18.7,100
2024-12-24 03:45:00,0.0,19.8,92
2024-12-24 04:00:00,0.0,20.3,87
2024-12-24 04:15:00,0.0,21.1,79
2024-12-24 04:30:00,0.0,21.9,75
2024-12-24 04:45:00,0.0,22.2,74
2024-12-24 05:00:00,0.0,22.7,70
2024-12-24 05:15:00,0.0,22.9,69
2024-12-24 05:30:00,0.0,23.8,66
2024-12-24 05:45:00,0.0,23.9,66
2024-12-24 06:00:00,0.0,23.9,65
2024-12-24 06:15:00,0.0,24.5,63
2024-12-24 06:30:00,0.0,24.7,62
2024-12-24 06:45:00,0.0,26.0,60
2024-12-24 07:00:00,0.0,24.9,61
2024-12-24 07:15:00,0.0,25.5,60
2024-12-24 07:30:00,0.0,25.5,59
2024-12-24 07:45:00,0.0,25.6,58
2024-12-24 08:00:00,0.0,25.4,61
2024-12-24 08:15:00,0.0,25.4,60
2024-12-24 08:30:00,0.0,25.5,60
2024-12-24 08:45:00,0.0,26.6,57
2024-12-24 09:00:00,0.0,27.1,55
2024-12-24 09:15:00,0.0,26.8,58
2024-12-24 09:30:00,0.0,27.3,57
2024-12-24 09:45:00,0.0,26.8,61
2024-12-24 10:00:00,0.0,26.2,62
2024-12-24 10:15:00,0.0,25.2,66
2024-12-24 10:30:00,0.0,25.0,67
2024-12-24 10:45:00,0.0,25.1,65
2024-12-24 11:00:00,0.0,25.0,67
2024-12-24 11:15:00,0.0,24.6,67
2024-12-24 11:30:00,0.0,24.2,70
2024-12-24 11:45:00,0.0,23.5,73
2024-12-24 12:00:00,0.0,22.7,79
2024-12-24 12:15:00,0.0,22.0,83
2024-12-24 12:30:00,0.0,21.2,86
2024-12-24 12:45:00,0.0,20.8,89
2024-12-24 13:00:00,0.0,20.4,89
2024-12-24 13:15:00,0.0,20.2,91
2024-12-24 13:30:00,0.0,19.8,92
2024-12-24 13:45:00,0.0,19.8,92
2024-12-24 14:00:00,0.0,19.8,90
2024-12-24 14:15:00,0.0,19.6,91
2024-12-24 14:30:00,0.0,19.7,91
2024-12-24 14:45:00,0.0,19.8,88
2024-12-24 15:00:00,0.0,19.3,91
2024-12-24 15:15:00,0.0,19.2,92
2024-12-24 15:30:00,0.0,19.0,92
2024-12-24 15:45:00,0.0,18.7,93
2024-12-24 16:00:00,0.0,18.5,95
2024-12-24 16:15:00,0.0,18.2,95
2024-12-24 16:30:00,0.0,18.2,96
2024-12-24 16:45:00,0.0,18.1,95
2024-12-24 17:00:00,0.0,18.1,96
2024-12-24 17:15:00,0.0,17.9,97
2024-12-24 17:30:00,0.0,17.9,97
2024-12-24 17:45:00,0.0,17.7,98
2024-12-24 18:00:00,0.0,17.9,97
2024-12-24 18:15:00,0.0,17.9,98
2024-12-24 18:30:00,0.0,18.2,96
2024-12-24 18:45:00,0.0,17.9,96
2024-12-24 19:00:00,0.0,17.8,96
2024-12-24 19:15:00,0.0,17.5,96
2024-12-24 19:30:00,0.0,17.6,95
2024-12-24 19:45:00,0.0,17.5,97
2024-12-24 20:00:00,0.0,17.4,96
2024-12-24 20:15:00,0.0,17.3,96
2024-12-24 20:30:00,0.0,17.3,97
2024-12-24 20:45:00,0.0,17.1,98
2024-12-24 21:00:00,0.0,17.0,98
2024-12-24 21:15:00,0.0,16.9,99
2024-12-24 21:30:00,0.0,16.8,99
2024-12-24 21:45:00,0.0,16.8,100
2024-12-24 22:00:00,0.0,16.8,100
2024-12-24 22:15:00,0.0,17.1,99
2024-12-24 22:30:00,0.0,17.3,98
2024-12-24 22:45:00,0.0,17.1,99
2024-12-24 23:00:00,0.0,16.9,100
2024-12-24 23:15:00,0.0,16.8,100
2024-12-24 23:30:00,0.0,16.7,100
2024-12-24 23:45:00,0.0,16.5,100
2024-12-25 00:00:00,0.0,16.5,100
2024-12-25 00:15:00,0.0,16.5,100
2024-12-25 00:30:00,0.0,16.5,100
2024-12-25 00:45:00,0.0,16.5,100
2024-12-25 01:00:00,0.0,16.5,100
2024-12-25 01:15:00,0.0,16.4,100
2024-12-25 01:30:00,0.0,16.4,100
2024-12-25 01:45:00,0.0,16.2,100
2024-12-25 02:00:00,0.0,16.5,100
2024-12-25 02:15:00,0.0,16.8,100
2024-12-25 02:30:00,0.0,16.9,100
2024-12-25 02:45:00,0.0,17.4,100
2024-12-25 03:00:00,0.0,18.2,98
2024-12-25 03:15:00,0.0,18.7,92
2024-12-25 03:30:00,0.0,19.4,92
2024-12-25 03:45:00,0.0,19.6,88
2024-12-25 04:00:00,0.0,20.4,87
2024-12-25 04:15:00,0.0,21.1,84
2024-12-25 04:30:00,0.0,22.2,75
2024-12-25 04:45:00,0.0,22.8,70
2024-12-25 05:00:00,0.0,23.0,69
2024-12-25 05:15:00,0.0,23.5,69
2024-12-25 05:30:00,0.0,24.6,65
2024-12-25 05:45:00,0.0,24.6,62
2024-12-25 06:00:00,0.0,25.0,62
2024-12-25 06:15:00,0.0,25.2,64
2024-12-25 06:30:00,0.0,25.4,60
2024-12-25 06:45:00,0.0,25.9,59
2024-12-25 07:00:00,0.0,26.7,57
2024-12-25 07:15:00,0.0,27.1,54
2024-12-25 07:30:00,0.0,27.0,54
2024-12-25 07:45:00,0.0,28.3,53
2024-12-25 08:00:00,0.0,28.3,51
2024-12-25 08:15:00,0.0,28.0,50
2024-12-25 08:30:00,0.0,28.0,48
2024-12-25 08:45:00,0.0,27.6,50
2024-12-25 09:00:00,0.0,27.4,52
2024-12-25 09:15:00,0.0,27.8,50
2024-12-25 09:30:00,0.0,27.4,49
2024-12-25 09:45:00,0.0,27.1,51
2024-12-25 10:00:00,0.0,27.6,49
2024-12-25 10:15:00,0.0,27.4,53
2024-12-25 10:30:00,0.0,26.9,61
2024-12-25 10:45:00,0.0,26.3,61
2024-12-25 11:00:00,0.0,26.2,61
2024-12-25 11:15:00,0.0,25.3,64
2024-12-25 11:30:00,0.0,24.8,68
2024-12-25 11:45:00,0.0,24.3,71
2024-12-25 12:00:00,0.0,23.6,74
2024-12-25 12:15:00,0.0,22.8,80
2024-12-25 12:30:00,0.0,22.1,80
2024-12-25 12:45:00,0.0,21.5,83
2024-12-25 13:00:00,0.0,21.2,85
2024-12-25 13:15:00,0.0,20.9,85
2024-12-25 13:30:00,0.0,20.6,85
2024-12-25 13:45:00,0.0,20.4,86
2024-12-25 14:00:00,0.0,20.2,88
2024-12-25 14:15:00,0.0,20.1,89
2024-12-25 14:30:00,0.0,20.1,89
2024-12-25 14:45:00,0.0,20.0,89
2024-12-25 15:00:00,0.0,19.8,89
2024-12-25 15:15:00,0.0,20.0,89
2024-12-25 15:30:00,0.0,19.8,90
2024-12-25 15:45:00,0.0,19.9,90
2024-12-25 16:00:00,0.0,19.8,90
2024-12-25 16:15:00,0.0,19.4,91
2024-12-25 16:30:00,0.0,19.3,92
2024-12-25 16:45:00,0.0,19.3,93
2024-12-25 17:00:00,0.0,19.3,92
2024-12-25 17:15:00,0.0,19.5,92
2024-12-25 17:30:00,0.0,19.7,91
2024-12-25 17:45:00,0.0,19.6,91
2024-12-25 18:00:00,0.0,19.4,91
2024-12-25 18:15:00,0.0,19.3,92
2024-12-25 18:30:00,0.0,19.3,92
2024-12-25 18:45:00,0.0,19.3,92
2024-12-25 19:00:00,0.0,19.3,92
2024-12-25 19:30:00,0.0,19.0,94
2024-12-25 19:45:00,0.0,18.8,95
2024-12-25 20:00:00,0.0,18.6,95
2024-12-25 20:15:00,0.0,18.4,96
2024-12-25 20:30:00,0.0,18.3,96
2024-12-25 20:45:00,0.0,18.2,97
2024-12-25 21:00:00,0.0,18.2,98
2024-12-25 21:15:00,0.0,18.2,98
2024-12-25 21:30:00,0.0,18.8,94
2024-12-25 21:45:00,0.0,19.2,93
2024-12-25 22:00:00,0.0,18.6,95
2024-12-25 22:15:00,0.0,18.4,98
2024-12-25 22:30:00,0.0,18.2,99
2024-12-25 22:45:00,0.0,18.6,96
2024-12-25 23:00:00,0.0,18.4,96
2024-12-25 23:15:00,0.0,18.4,96
2024-12-25 23:30:00,0.0,18.2,97
2024-12-25 23:45:00,0.0,18.1,98
2024-12-26 00:00:00,0.0,17.9,98
2024-12-26 00:15:00,0.0,17.9,99
2024-12-26 00:30:00,0.0,17.7,100
2024-12-26 00:45:00,0.0,17.7,100
2024-12-26 01:00:00,0.0,17.5,100
2024-12-26 01:15:00,0.0,17.3,100
2024-12-26 01:30:00,0.0,17.3,100
2024-12-26 01:45:00,0.0,17.5,100
2024-12-26 02:00:00,0.0,17.9,100
2024-12-26 02:15:00,0.0,18.2,100
2024-12-26 02:30:00,0.0,18.5,100
2024-12-26 02:45:00,0.0,18.8,100
2024-12-26 03:00:00,0.0,19.3,97
2024-12-26 03:15:00,0.0,20.2,91
2024-12-26 03:30:00,0.0,21.1,87
2024-12-26 03:45:00,0.0,21.3,84
2024-12-26 04:00:00,0.0,22.3,78
2024-12-26 04:30:00,0.0,23.0,76
2024-12-26 04:45:00,0.0,23.8,71
2024-12-26 05:00:00,0.0,24.9,69
2024-12-26 05:15:00,0.0,25.6,67
2024-12-26 05:30:00,0.0,26.3,64
2024-12-26 05:45:00,0.0,26.6,62
2024-12-26 06:00:00,0.0,27.2,60
2024-12-26 06:15:00,0.0,27.5,58
2024-12-26 06:30:00,0.0,28.3,54
2024-12-26 06:45:00,0.0,27.8,56
2024-12-26 07:00:00,0.0,27.1,58
2024-12-26 07:15:00,0.0,28.6,54
2024-12-26 07:30:00,0.0,28.6,52
2024-12-26 07:45:00,0.0,28.4,50
2024-12-26 08:15:00,0.0,27.5,51
2024-12-26 08:30:00,0.0,27.6,50
2024-12-26 08:45:00,0.0,27.1,55
2024-12-26 09:00:00,0.0,26.7,58
2024-12-26 09:15:00,0.0,26.3,60
2024-12-26 09:30:00,0.0,27.4,54
2024-12-26 09:45:00,0.0,27.3,58
2024-12-26 10:00:00,0.0,26.5,60
2024-12-26 10:15:00,0.0,26.0,62
2024-12-26 10:30:00,0.0,26.4,62
2024-12-26 10:45:00,0.0,26.4,60
2024-12-26 11:00:00,0.0,25.9,65
2024-12-26 11:15:00,0.0,25.2,68
2024-12-26 11:30:00,0.0,24.7,71
2024-12-26 11:45:00,0.0,24.4,71
2024-12-26 12:00:00,0.0,24.2,70
2024-12-26 12:15:00,0.0,23.8,73
2024-12-26 12:30:00,0.0,23.7,76
2024-12-26 12:45:00,0.0,22.3,86
2024-12-26 13:00:00,0.0,21.7,87
2024-12-26 13:15:00,0.0,21.7,89
2024-12-26 13:30:00,0.0,21.5,89
2024-12-26 13:45:00,0.0,21.5,88
2024-12-26 14:00:00,0.0,21.2,85
2024-12-26 14:15:00,0.0,21.5,81
2024-12-26 14:30:00,0.0,21.5,83
2024-12-26 14:45:00,0.0,21.2,84
2024-12-26 15:00:00,0.0,21.2,86
2024-12-26 15:15:00,0.0,21.1,87
2024-12-26 15:30:00,0.0,20.6,89
2024-12-26 16:00:00,0.0,20.3,90
2024-12-26 16:15:00,0.0,20.1,90
2024-12-26 16:30:00,0.0,19.8,91
2024-12-26 16:45:00,0.0,19.6,92
2024-12-26 17:00:00,0.0,19.3,93
2024-12-26 17:15:00,0.0,19.1,93
2024-12-26 17:30:00,0.0,19.0,94
2024-12-26 17:45:00,0.0,19.0,94
2024-12-26 18:00:00,0.0,19.0,93
2024-12-26 18:15:00,0.0,18.8,94
2024-12-26 18:30:00,0.0,18.7,95
2024-12-26 18:45:00,0.0,18.5,96
2024-12-26 19:00:00,0.0,18.5,96
2024-12-26 19:15:00,0.0,18.7,97
2024-12-26 19:30:00,0.0,18.7,97
2024-12-26 19:45:00,0.0,18.8,96
2024-12-26 20:00:00,0.0,19.0,96
2024-12-26 20:15:00,0.0,19.0,95
2024-12-26 20:30:00,0.0,18.7,96
2024-12-26 20:45:00,0.0,18.8,95
2024-12-26 21:00:00,0.0,18.4,98
2024-12-26 21:15:00,0.0,18.4,99
2024-12-26 21:30:00,0.0,18.4,98
2024-12-26 21:45:00,0.0,18.2,99
2024-12-26 22:00:00,0.0,18.2,100
2024-12-26 22:15:00,0.0,17.9,100
2024-12-26 22:30:00,0.0,17.9,100
2024-12-26 22:45:00,0.0,17.6,100
2024-12-26 23:00:00,0.0,17.4,100
2024-12-26 23:15:00,0.0,17.5,100
2024-12-26 23:30:00,0.0,17.5,100
2024-12-26 23:45:00,0.0,17.5,100
2024-12-27 00:00:00,0.0,17.5,100
2024-12-27 00:15:00,0.0,17.6,100
2024-12-27 00:30:00,0.0,17.7,100
2024-12-27 00:45:00,0.0,17.7,100
2024-12-27 01:00:00,0.0,17.9,100
2024-12-27 01:15:00,0.0,17.9,100
2024-12-27 01:30:00,0.0,17.9,100
2024-12-27 01:45:00,0.0,17.9,100
2024-12-27 02:00:00,0.0,18.2,100
2024-12-27 02:15:00,0.0,18.2,100
2024-12-27 02:30:00,0.0,18.4,100
2024-12-27 02:45:00,0.0,19.3,100
2024-12-27 03:00:00,0.0,19.9,97
2024-12-27 03:15:00,0.0,20.9,91
2024-12-27 03:30:00,0.0,21.2,88
2024-12-27 03:45:00,0.0,21.5,86
2024-12-27 04:00:00,0.0,21.7,87
2024-12-27 04:15:00,0.0,22.9,82
2024-12-27 04:30:00,0.0,23.8,77
2024-12-27 04:45:00,0.0,25.2,71
2024-12-27 05:00:00,0.0,25.2,72
2024-12-27 05:15:00,0.0,25.7,71
2024-12-27 05:30:00,0.0,26.1,68
2024-12-27 05:45:00,0.0,26.4,67
2024-12-27 06:00:00,0.0,28.0,60
2024-12-27 06:15:00,0.0,28.4,59
2024-12-27 06:30:00,0.0,27.8,60
2024-12-27 06:45:00,0.0,27.5,60
2024-12-27 07:00:00,0.0,27.3,62
2024-12-27 07:15:00,0.0,27.7,61
2024-12-27 07:30:00,0.0,28.2,57
2024-12-27 07:45:00,0.0,27.7,60
2024-12-27 08:00:00,0.0,26.8,61
2024-12-27 08:15:00,0.0,26.7,62
2024-12-27 08:30:00,0.0,27.0,60
2024-12-27 08:45:00,0.0,27.3,60
2024-12-27 09:00:00,0.0,27.4,60
2024-12-27 09:15:00,0.0,27.9,58
2024-12-27 09:30:00,0.0,27.5,61
2024-12-27 09:45:00,0.0,28.0,59
2024-12-27 10:00:00,0.0,28.5,56
2024-12-27 10:15:00,0.0,28.9,54
2024-12-27 10:30:00,0.0,29.4,55
2024-12-27 10:45:00,0.0,28.9,56
2024-12-27 11:00:00,0.0,27.7,60
2024-12-27 11:15:00,0.0,27.7,60
2024-12-27 11:30:00,0.0,26.3,65
2024-12-27 11:45:00,0.0,26.1,67
2024-12-27 12:00:00,0.0,25.7,67
2024-12-27 12:15:00,0.0,25.2,71
2024-12-27 12:30:00,0.0,24.6,74
2024-12-27 12:45:00,0.0,23.3,82
2024-12-27 13:00:00,0.0,22.6,85
2024-12-27 13:15:00,0.0,21.9,88
2024-12-27 13:30:00,0.0,22.0,85
2024-12-27 13:45:00,0.0,21.9,87
2024-12-27 14:00:00,0.0,21.5,89
2024-12-27 14:15:00,0.0,22.8,81
2024-12-27 14:30:00,0.0,22.6,82
2024-12-27 14:45:00,0.0,22.1,85
2024-12-27 15:00:00,0.0,22.0,85
2024-12-27 15:15:00,0.0,21.7,86
2024-12-27 15:30:00,0.0,21.7,86
2024-12-27 15:45:00,0.0,21.5,87
2024-12-27 16:00:00,0.0,21.5,88
2024-12-27 16:15:00,0.0,21.1,89
2024-12-27 16:30:00,0.0,20.9,90
2024-12-27 16:45:00,0.0,20.7,91
2024-12-27 17:00:00,0.0,20.6,92
2024-12-27 17:15:00,0.0,20.4,93
2024-12-27 17:30:00,0.0,20.2,95
2024-12-27 17:45:00,0.0,20.2,95
2024-12-27 18:15:00,0.0,20.5,92
2024-12-27 18:30:00,0.0,20.1,95
2024-12-27 18:45:00,0.0,20.6,91
2024-12-27 19:00:00,0.0,20.1,95
2024-12-27 19:15:00,0.0,19.9,96
2024-12-27 19:30:00,0.0,19.9,97
2024-12-27 19:45:00,0.0,19.8,98
2024-12-27 20:00:00,0.0,19.6,99
2024-12-27 20:15:00,0.0,19.8,99
2024-12-27 20:30:00,0.0,20.1,97
2024-12-27 20:45:00,0.0,20.1,98
2024-12-27 21:00:00,0.0,20.4,98
2024-12-27 21:15:00,0.0,20.1,98
2024-12-27 21:30:00,0.0,19.8,99
2024-12-27 21:45:00,0.0,19.6,100
2024-12-27 22:00:00,0.0,19.5,100
2024-12-27 22:15:00,0.0,19.4,100
2024-12-27 22:30:00,0.0,19.4,100
2024-12-27 22:45:00,0.0,19.3,100
2024-12-27 23:00:00,0.0,19.3,100
2024-12-27 23:15:00,0.0,19.5,100
2024-12-27 23:30:00,0.0,19.3,100
2024-12-27 23:45:00,0.0,19.0,100
2024-12-28 00:00:00,0.0,19.0,100
2024-12-28 00:15:00,0.0,18.9,100
2024-12-28 00:30:00,0.0,18.7,100
2024-12-28 00:45:00,0.0,18.7,100
2024-12-28 01:00:00,0.0,18.5,100
2024-12-28 01:15:00,0.0,18.5,100
2024-12-28 01:30:00,0.0,18.5,100
2024-12-28 01:45:00,0.0,18.5,100
2024-12-28 02:00:00,0.0,18.5,100
2024-12-28 02:15:00,0.0,18.7,100
2024-12-28 02:30:00,0.0,19.6,100
2024-12-28 02:45:00,0.0,20.2,100
2024-12-28 03:00:00,0.0,20.8,95
2024-12-28 03:15:00,0.0,21.7,90
2024-12-28 03:30:00,0.0,22.3,87
2024-12-28 03:45:00,0.0,22.8,84
2024-12-28 04:00:00,0.0,22.5,87
2024-12-28 04:15:00,0.0,23.4,81
2024-12-28 04:30:00,0.0,24.3,75
2024-12-28 04:45:00,0.0,25.1,72
2024-12-28 05:00:00,0.0,25.6,70
2024-12-28 05:15:00,0.0,26.5,64
2024-12-28 05:30:00,0.0,26.6,65
2024-12-28 05:45:00,0.0,27.3,62
2024-12-28 06:00:00,0.0,27.0,65
2024-12-28 06:15:00,0.0,26.4,68
2024-12-28 06:30:00,0.0,27.3,63
2024-12-28 06:45:00,0.0,28.3,61
2024-12-28 07:00:00,0.0,28.6,58
2024-12-28 07:15:00,0.0,28.2,59
2024-12-28 07:30:00,0.0,28.3,59
2024-12-28 07:45:00,0.0,29.9,55
2024-12-28 08:00:00,0.0,29.6,53
2024-12-28 08:15:00,0.0,30.2,52
2024-12-28 08:30:00,0.0,29.9,53
2024-12-28 08:45:00,0.0,30.3,54
2024-12-28 09:00:00,0.0,30.0,55
2024-12-28 09:15:00,0.0,29.9,55
2024-12-28 09:30:00,0.0,29.3,58
2024-12-28 09:45:00,0.0,29.9,55
2024-12-28 10:00:00,0.0,29.0,58
2024-12-28 10:15:00,0.0,29.0,57
2024-12-28 10:30:00,0.0,28.8,57
2024-12-28 10:45:00,0.0,28.0,59
2024-12-28 11:00:00,0.0,27.6,61
2024-12-28 11:15:00,0.0,27.0,65
2024-12-28 11:30:00,0.0,26.6,65
2024-12-28 11:45:00,0.0,26.0,67
2024-12-28 12:00:00,0.0,24.7,74
2024-12-28 12:15:00,0.0,23.9,80
2024-12-28 12:30:00,0.0,23.3,82
2024-12-28 12:45:00,0.0,23.1,81
2024-12-28 13:00:00,0.0,22.6,83
2024-12-28 13:15:00,0.0,22.0,86
2024-12-28 13:30:00,0.0,22.1,84
2024-12-28 13:45:00,0.0,21.8,86
2024-12-28 14:00:00,0.0,22.0,84
2024-12-28 14:15:00,0.0,21.7,85
2024-12-28 14:30:00,0.0,21.3,87
2024-12-28 14:45:00,0.0,20.9,89
2024-12-28 15:00:00,0.0,20.7,90
2024-12-28 15:15:00,0.0,20.5,91
2024-12-28 15:30:00,0.0,20.4,91
2024-12-28 16:00:00,0.0,20.1,92
2024-12-28 16:15:00,0.0,20.0,93
2024-12-28 16:30:00,0.0,19.9,93
2024-12-28 17:00:00,0.0,19.8,94
2024-12-28 17:15:00,0.0,19.6,95
2024-12-28 17:30:00,0.0,19.6,95
2024-12-28 17:45:00,0.0,19.5,96
2024-12-28 18:00:00,0.0,19.5,96
2024-12-28 18:15:00,0.0,19.3,95
2024-12-28 18:30:00,0.0,19.3,96
2024-12-28 18:45:00,0.0,19.3,95
2024-12-28 19:00:00,0.0,19.3,96
2024-12-28 19:15:00,0.0,19.4,97
2024-12-28 19:30:00,0.0,19.9,94
2024-12-28 19:45:00,0.0,19.8,94
2024-12-28 20:00:00,0.0,19.9,95
2024-12-28 20:15:00,0.0,20.1,93
2024-12-28 20:30:00,0.0,20.1,93
2024-12-28 20:45:00,0.0,20.1,93
2024-12-28 21:00:00,0.0,20.1,92
2024-12-28 21:15:00,0.0,19.9,93
2024-12-28 21:30:00,0.0,19.8,93
2024-12-28 21:45:00,0.0,20.2,91
2024-12-28 22:00:00,0.0,19.8,93
2024-12-28 22:15:00,0.0,20.1,92
2024-12-28 22:30:00,0.0,19.8,93
2024-12-28 22:45:00,0.0,19.5,94
2024-12-28 23:00:00,0.0,19.5,94
2024-12-28 23:15:00,0.0,19.3,96
2024-12-28 23:30:00,0.0,19.2,97
2024-12-28 23:45:00,0.0,19.6,95
2024-12-29 00:00:00,0.0,20.4,90
2024-12-29 00:15:00,0.0,20.1,92
2024-12-29 00:30:00,0.0,19.8,93
2024-12-29 00:45:00,0.0,19.4,95
2024-12-29 01:00:00,0.0,19.3,97
2024-12-29 01:15:00,0.0,19.2,98
2024-12-29 01:30:00,0.0,19.0,97
2024-12-29 01:45:00,0.0,19.3,97
2024-12-29 02:00:00,0.0,19.4,95
2024-12-29 02:15:00,0.0,20.4,87
2024-12-29 02:30:00,0.0,21.1,81
2024-12-29 02:45:00,0.0,21.5,80
2024-12-29 03:00:00,0.0,21.7,79
2024-12-29 03:15:00,0.0,21.7,79
2024-12-29 03:30:00,0.0,22.0,78
2024-12-29 03:45:00,0.0,22.4,76
2024-12-29 04:00:00,0.0,22.9,76
2024-12-29 04:15:00,0.0,23.7,72
2024-12-29 04:30:00,0.0,23.8,74
2024-12-29 04:45:00,0.0,24.1,72
2024-12-29 05:00:00,0.0,24.6,71
2024-12-29 05:15:00,0.0,24.8,70
2024-12-29 05:30:00,0.0,25.0,68
2024-12-29 05:45:00,0.0,26.3,63
2024-12-29 06:00:00,0.0,26.8,63
2024-12-29 06:15:00,0.0,27.3,61
2024-12-29 06:30:00,0.0,28.2,59
2024-12-29 06:45:00,0.0,27.8,60
2024-12-29 07:00:00,0.0,29.6,53
2024-12-29 07:15:00,0.0,28.3,57
2024-12-29 07:30:00,0.0,29.6,53
2024-12-29 07:45:00,0.0,30.2,51
2024-12-29 08:00:00,0.0,29.8,51
2024-12-29 08:15:00,0.0,30.5,50
2024-12-29 08:30:00,0.0,30.2,49
2024-12-29 08:45:00,0.0,30.8,48
2024-12-29 09:00:00,0.0,30.0,48
2024-12-29 09:15:00,0.0,30.6,47
2024-12-29 09:30:00,0.0,29.7,49
2024-12-29 09:45:00,0.0,29.9,49
2024-12-29 10:00:00,0.0,29.9,49
2024-12-29 10:15:00,0.0,29.6,49
2024-12-29 10:30:00,0.0,29.3,53
2024-12-29 10:45:00,0.0,28.6,54
2024-12-29 11:00:00,0.0,28.0,55
2024-12-29 11:15:00,0.0,27.7,56
2024-12-29 11:30:00,0.0,26.8,61
2024-12-29 11:45:00,0.0,25.7,70
2024-12-29 12:00:00,0.0,25.1,72
2024-12-29 12:15:00,0.0,24.4,75
2024-12-29 12:30:00,0.0,23.9,77
2024-12-29 12:45:00,0.0,23.9,75
2024-12-29 13:00:00,0.0,23.7,76
2024-12-29 13:15:00,0.0,23.2,78
2024-12-29 13:30:00,0.0,23.3,77
2024-12-29 13:45:00,0.0,23.0,78
2024-12-29 14:00:00,0.0,22.9,79
2024-12-29 14:15:00,0.0,23.0,77
2024-12-29 14:30:00,0.0,22.6,81
2024-12-29 14:45:00,0.0,22.6,81
2024-12-29 15:00:00,0.0,22.6,80
2024-12-29 15:15:00,0.0,22.6,81
2024-12-29 15:30:00,0.0,22.6,83
2024-12-29 15:45:00,0.0,22.3,84
2024-12-29 16:00:00,0.0,22.0,82
2024-12-29 16:15:00,0.0,21.8,82
2024-12-29 16:30:00,0.0,21.7,79
2024-12-29 16:45:00,0.0,21.6,79
2024-12-29 17:00:00,0.0,21.1,81
2024-12-29 17:15:00,0.0,20.9,81
2024-12-29 17:30:00,0.0,20.6,82
2024-12-29 17:45:00,0.0,20.6,83
2024-12-29 18:00:00,0.0,20.6,82
2024-12-29 18:15:00,0.0,20.4,83
2024-12-29 18:30:00,0.0,20.4,83
2024-12-29 18:45:00,0.0,20.2,82
2024-12-29 19:00:00,0.0,20.2,81
2024-12-29 19:15:00,0.0,20.5,81
2024-12-29 19:30:00,0.0,20.4,83
2024-12-29 20:00:00,0.0,21.2,80
2024-12-29 20:15:00,0.0,20.5,85
2024-12-29 20:30:00,0.0,20.9,83
2024-12-29 20:45:00,0.0,21.2,82
2024-12-29 21:00:00,0.0,21.5,81
2024-12-29 21:15:00,0.0,21.5,82
2024-12-29 21:30:00,0.0,20.9,85
2024-12-29 21:45:00,0.0,20.5,87
2024-12-29 22:00:00,0.0,20.4,88
2024-12-29 22:15:00,0.0,20.1,90
2024-12-29 22:30:00,0.0,20.6,88
2024-12-29 22:45:00,0.0,21.1,87
2024-12-29 23:00:00,0.0,21.1,88
2024-12-29 23:15:00,0.0,20.6,90
2024-12-29 23:30:00,0.0,20.4,92
2024-12-29 23:45:00,0.0,19.8,95
2024-12-30 00:00:00,0.0,20.1,95
2024-12-30 00:15:00,0.0,20.4,93
2024-12-30 00:30:00,0.0,20.4,93
2024-12-30 00:45:00,0.0,20.3,94
2024-12-30 01:00:00,0.0,20.4,93
2024-12-30 01:15:00,0.0,20.2,94
2024-12-30 01:30:00,0.0,19.8,96
2024-12-30 01:45:00,0.0,19.5,98
2024-12-30 02:15:00,0.0,19.5,98
2024-12-30 02:30:00,0.0,19.9,96
2024-12-30 02:45:00,0.0,20.4,93
2024-12-30 03:00:00,0.0,21.2,88
2024-12-30 03:15:00,0.0,21.5,88
2024-12-30 03:30:00,0.0,21.8,86
2024-12-30 03:45:00,0.0,22.0,84
2024-12-30 04:00:00,0.0,22.5,83
2024-12-30 04:15:00,0.0,23.1,78
2024-12-30 04:30:00,0.0,23.6,76
2024-12-30 04:45:00,0.0,23.8,74
2024-12-30 05:00:00,0.0,24.3,72
2024-12-30 05:15:00,0.0,25.3,68
2024-12-30 05:30:00,0.0,25.2,67
2024-12-30 05:45:00,0.0,25.7,65
2024-12-30 06:00:00,0.0,26.8,60
2024-12-30 06:15:00,0.0,27.3,57
2024-12-30 06:30:00,0.0,27.8,56
2024-12-30 06:45:00,0.0,27.6,52
2024-12-30 07:00:00,0.0,28.0,52
2024-12-30 07:15:00,0.0,28.9,47
2024-12-30 07:45:00,0.0,28.1,44
2024-12-30 08:00:00,0.0,29.7,38
2024-12-30 08:15:00,0.0,29.0,42
2024-12-30 08:30:00,0.0,28.8,46
2024-12-30 08:45:00,0.0,28.0,50
2024-12-30 09:00:00,0.0,27.8,48
2024-12-30 09:15:00,0.0,28.4,49
2024-12-30 09:30:00,0.0,28.2,54
2024-12-30 09:45:00,0.0,29.2,53
2024-12-30 10:00:00,0.0,29.0,49
2024-12-30 10:15:00,0.0,30.0,40
2024-12-30 10:30:00,0.0,30.1,40
2024-12-30 10:45:00,0.0,28.3,53
2024-12-30 11:00:00,0.0,27.1,58
2024-12-30 11:15:00,0.0,26.0,62
2024-12-30 11:30:00,0.0,24.8,64
2024-12-30 11:45:00,0.0,24.1,65
2024-12-30 12:00:00,0.0,23.7,64
2024-12-30 12:15:00,0.0,23.4,64
2024-12-30 12:30:00,0.0,22.9,62
2024-12-30 12:45:00,0.0,22.6,62
2024-12-30 13:00:00,0.0,22.1,67
2024-12-30 13:15:00,0.0,22.0,70
2024-12-30 13:30:00,0.0,21.7,73
2024-12-30 13:45:00,0.0,22.3,73
2024-12-30 14:00:00,0.0,22.1,73
2024-12-30 14:15:00,0.0,21.8,75
2024-12-30 14:30:00,0.0,21.3,79
2024-12-30 14:45:00,0.0,21.1,81
2024-12-30 15:00:00,0.0,20.9,81
2024-12-30 15:15:00,0.0,20.8,82
2024-12-30 15:30:00,0.0,20.6,81
2024-12-30 15:45:00,0.0,20.6,82
2024-12-30 16:00:00,0.0,20.7,82
2024-12-30 16:15:00,0.0,20.5,82
2024-12-30 16:30:00,0.0,20.4,83
2024-12-30 16:45:00,0.0,20.1,84
2024-12-30 17:00:00,0.0,20.2,84
2024-12-30 17:15:00,0.0,20.1,85
2024-12-30 17:30:00,0.0,19.9,85
2024-12-30 17:45:00,0.0,19.8,86
2024-12-30 18:00:00,0.0,19.8,87
2024-12-30 18:15:00,0.0,19.6,86
2024-12-30 18:30:00,0.0,19.5,87
2024-12-30 18:45:00,0.0,19.4,87
2024-12-30 19:00:00,0.0,19.3,88
2024-12-30 19:15:00,0.0,19.3,87
2024-12-30 19:30:00,0.0,19.2,88
2024-12-30 19:45:00,0.0,19.0,88
2024-12-30 20:00:00,0.0,18.8,88
2024-12-30 20:15:00,0.0,18.7,88
2024-12-30 20:30:00,0.0,18.5,88
2024-12-30 20:45:00,0.0,18.4,88
2024-12-30 21:00:00,0.0,18.4,88
2024-12-30 21:15:00,0.0,18.2,90
2024-12-30 21:30:00,0.0,18.2,88
2024-12-30 21:45:00,0.0,18.3,87
2024-12-30 22:00:00,0.0,18.5,85
2024-12-30 22:15:00,0.0,20.4,72
2024-12-30 22:30:00,0.0,21.2,69
2024-12-30 22:45:00,0.0,21.1,69
2024-12-30 23:00:00,0.0,20.4,73
2024-12-30 23:15:00,0.0,19.9,75
2024-12-30 23:30:00,0.0,19.3,79
2024-12-30 23:45:00,0.0,18.5,82
2024-12-31 00:00:00,0.0,18.3,83
2024-12-31 00:15:00,0.0,18.2,85
2024-12-31 00:30:00,0.0,18.7,82
2024-12-31 00:45:00,0.0,18.3,84
2024-12-31 01:00:00,0.0,18.3,84
2024-12-31 01:15:00,0.0,18.2,84
2024-12-31 01:30:00,0.0,17.9,87
2024-12-31 01:45:00,0.0,18.2,84
2024-12-31 02:00:00,0.0,18.5,83
2024-12-31 02:15:00,0.0,19.9,76
2024-12-31 02:30:00,0.0,18.7,84
2024-12-31 02:45:00,0.0,19.0,84
2024-12-31 03:00:00,0.0,19.8,83
2024-12-31 03:15:00,0.0,21.5,76
2024-12-31 03:30:00,0.0,21.9,73
2024-12-31 03:45:00,0.0,22.8,68
2024-12-31 04:00:00,0.0,22.8,68
2024-12-31 04:15:00,0.0,23.5,66
2024-12-31 04:30:00,0.0,23.9,66
2024-12-31 04:45:00,0.0,24.6,64
2024-12-31 05:00:00,0.0,24.9,60
2024-12-31 05:15:00,0.0,25.3,57
2024-12-31 05:30:00,0.0,26.2,55
2024-12-31 05:45:00,0.0,27.0,51
2024-12-31 06:00:00,0.0,27.6,48
2024-12-31 06:15:00,0.0,27.5,46
2024-12-31 06:30:00,0.0,28.4,44
2024-12-31 06:45:00,0.0,28.6,40
2024-12-31 07:00:00,0.0,29.6,39
2024-12-31 07:15:00,0.0,30.2,37
2024-12-31 07:30:00,0.0,30.1,38
2024-12-31 07:45:00,0.0,30.6,35
2024-12-31 08:15:00,0.0,30.1,37
2024-12-31 08:30:00,0.0,30.3,37
2024-12-31 08:45:00,0.0,30.6,36
2024-12-31 09:00:00,0.0,29.9,40
2024-12-31 09:15:00,0.0,30.0,38
2024-12-31 09:30:00,0.0,29.5,40
2024-12-31 09:45:00,0.0,30.5,38
2024-12-31 10:00:00,0.0,30.2,36
2024-12-31 10:15:00,0.0,30.2,43
2024-12-31 10:30:00,0.0,30.1,43
2024-12-31 10:45:00,0.0,27.8,53
2024-12-31 11:00:00,0.0,26.7,53
2024-12-31 11:15:00,0.0,26.5,52
2024-12-31 11:30:00,0.0,25.4,56
2024-12-31 11:45:00,0.0,25.9,52
2024-12-31 12:00:00,0.0,25.1,55
2024-12-31 12:15:00,0.0,23.9,59
2024-12-31 12:30:00,0.0,23.4,59
2024-12-31 12:45:00,0.0,23.1,60
2024-12-31 13:00:00,0.0,22.6,60
2024-12-31 13:15:00,0.0,22.3,63
2024-12-31 13:45:00,0.0,21.7,66
2024-12-31 14:00:00,0.0,21.5,67
2024-12-31 14:15:00,0.0,22.0,64
2024-12-31 14:30:00,0.0,21.3,68
2024-12-31 14:45:00,0.0,21.2,68
2024-12-31 15:00:00,0.0,21.1,68
2024-12-31 15:15:00,0.0,20.9,67
2024-12-31 15:30:00,0.0,21.1,67
2024-12-31 15:45:00,0.0,20.9,68
2024-12-31 16:00:00,0.0,20.6,68
2024-12-31 16:15:00,0.0,20.5,70
2024-12-31 16:30:00,0.0,20.2,71
2024-12-31 16:45:00,0.0,20.1,72
2024-12-31 17:00:00,0.0,20.1,73
2024-12-31 17:15:00,0.0,20.1,71
2024-12-31 17:30:00,0.0,19.9,73
2024-12-31 17:45:00,0.0,19.8,73
2024-12-31 18:00:00,0.0,20.1,72
2024-12-31 18:15:00,0.0,20.2,70
2024-12-31 18:30:00,0.0,19.9,71
2024-12-31 18:45:00,0.0,20.1,72
2024-12-31 19:00:00,0.0,20.4,70
2024-12-31 19:15:00,0.0,20.4,70
2024-12-31 19:30:00,0.0,20.2,72
2024-12-31 19:45:00,0.0,19.5,75
2024-12-31 20:00:00,0.0,19.8,72
2024-12-31 20:15:00,0.0,19.9,73
2024-12-31 20:30:00,0.0,19.8,73
2024-12-31 20:45:00,0.0,19.3,76
2024-12-31 21:00:00,0.0,19.4,74
2024-12-31 21:15:00,0.0,20.1,72
2024-12-31 21:30:00,0.0,20.9,67
2024-12-31 21:45:00,0.0,21.2,65
2024-12-31 22:00:00,0.0,21.3,65
2024-12-31 22:15:00,0.0,20.9,68
2024-12-31 22:30:00,0.0,19.3,77
2024-12-31 22:45:00,0.0,18.7,81
2024-12-31 23:00:00,0.0,19.0,78
2024-12-31 23:15:00,0.0,19.4,76
2024-12-31 23:30:00,0.0,19.0,79
2024-12-31 23:45:00,0.0,18.5,82
